Country,Year,HPI,HPIgrowth,Inflation_Rate,GDP,GDP_Growth_Rate,Total_Refugees,Total_Asylum,Totaldisplaced,Displacedgrowth,Population,HPI_Growth,Rugees_Growth,Refugees_per_1000,Housing_Supply
Belgium,2010,91.6,2.2549676267023844,2.18929920422457,481556503720.0009,2.7103114134645807,17891,18288,36179,7.136723029997927,10895586,NA,NA,1.6420410981107394,NA
Belgium,2011,94.88,3.5807860262008746,3.53208210722742,527196649048.63916,1.9311549785905129,22396,19006,41402,14.436551590701788,11038264,3.5807860262008746,25.180258230395168,2.0289422322205737,NA
Belgium,2012,97.11,2.350337268128166,2.83966343445899,498414364944.96106,0.21580367322044935,22023,15023,37046,-10.521230858412638,11106932,2.350337268128166,-1.665475977853188,1.9828157766699213,NA
Belgium,2013,98.55,1.4828544949026852,1.1130959402754,524097026598.5505,0.3054944785623803,25617,11479,37096,0.13496733790422719,11159407,1.4828544949026852,16.319302547336875,2.2955520844431967,NA
Belgium,2014,98.22,-0.3348554033485523,0.340002833356922,537987419164.3511,1.7655403820308777,29170,9943,39113,5.437243907698943,11209057,-0.3348554033485523,13.869695905063045,2.6023598595314485,NA
Belgium,2015,100,1.8122581958867858,0.561429152790065,461044767544.531,1.4741643858801297,35302,35996,71298,82.28721908316928,11274196,1.8122581958867858,21.02159753171066,3.131221064455505,8.8
Belgium,2016,102.33,2.3299999999999983,1.97385264653181,474271566739.72876,1.193502639951106,42158,24098,66256,-7.071727117170187,11331422,2.3299999999999983,19.42099597756501,3.720450972525778,8.9
Belgium,2017,105.95,3.5375745138278165,2.12597086002607,500908767351.5303,1.4744676565309192,42158,18760,60918,-8.056628833615068,11375158,3.5375745138278165,0,3.7061463234181007,8.3
Belgium,2018,109.15,3.0202925908447407,2.05316499865186,542638913427.9212,1.8779685721940211,42158,19550,61708,1.2968252404872123,11427054,3.0202925908447407,0,3.6893148487790466,9.8
Belgium,2019,113.23,3.7379752633989902,1.43681956996429,536726344405.4893,2.442890066486086,61662,10862,72524,17.527711155765864,11488980,3.7379752633989902,46.26405427202429,5.367056083307657,9
Belgium,2020,118.09,4.292148723836439,0.740791812220344,529694473501.7913,-4.792983897262644,64973,29305,94278,29.99558766753075,11538604,4.292148723836439,5.369595536959554,5.630923810194023,8.8
Belgium,2021,125.96,6.664408501989999,2.44024851144084,598494036474.4089,6.202554015860812,74063,28955,103018,9.270455461507456,11586195,6.664408501989999,13.990426792667723,6.3923488254772165,9.8
Belgium,2022,132.93,5.5335026992696195,9.597511728725,593438820508.1735,4.2334318336916965,150713,41810,192523,86.88287483740706,11680210,5.5335026992696195,103.4929721993438,12.903278280099416,8.6
Belgium,2023,136.05,2.3470999774317343,4.04901077613941,644782756682.7565,1.2517006320359485,167831,44600,212431,10.340582683627412,11787423,2.3470999774317343,11.358011584932951,14.238141788921972,7.9
Bulgaria,2010,105.81,-10.170642669156978,2.43899060504113,50760929302.51474,1.5553596346203165,5519,1392,6911,5.511450381679389,7395599,-22.2271223814774,-96.71157295136179,0.7462546306255924,NA
Bulgaria,2011,99.98,-5.509876193176447,4.21990346601873,57737040780.015656,2.0901752701553846,5676,1381,7057,2.11257415714079,7348328,-5.509876193176447,2.8447182460590685,0.7724206105116701,NA
Bulgaria,2012,98.07,-1.910382076415294,2.95456829831022,54288135058.79262,0.7488148967965742,2273,1270,3543,-49.79453025364886,7305888,-1.910382076415294,-59.95419309372798,0.31111892216250786,NA
Bulgaria,2013,95.92,-2.192311614153147,0.890093540913002,55852123989.95043,-0.5427516030301547,4305,4539,8844,149.618966977138,7265115,-2.192311614153147,89.39727232732072,0.5925577227614429,NA
Bulgaria,2014,97.29,1.428273561301089,-1.4181838026484,57157782909.93072,0.9494489850904841,11026,6735,17761,100.8254183627318,7223938,1.428273561301089,156.12078977932637,1.526314317758541,NA
Bulgaria,2015,100,2.785486689279467,-0.104633261008385,50811995688.67711,3.3975532586942165,16543,9488,26031,46.562693542030296,7177991,2.785486689279467,50.03627788862688,2.3046838593138386,2.3
Bulgaria,2016,107.02,7.019999999999996,-0.79864988645371,53964253211.83995,3.026628931389183,17794,16030,33824,29.937382351811305,7127822,7.019999999999996,7.5621108626004965,2.4964147533426058,2.4
Bulgaria,2017,116.3,8.671276396935154,2.06159619443141,59309748166.11794,2.7459264470779345,19166,2712,21878,-35.318117313150424,7075947,8.671276396935154,7.710464201416207,2.7086127128990647,3.2
Bulgaria,2018,123.96,6.586414445399826,2.81454473824829,66289266348.650444,2.5494643471817966,19906,1560,21466,-1.883170308072036,7025037,6.586414445399826,3.861003861003861,2.8335793818594834,4.5
Bulgaria,2019,131.42,6.018070345272664,3.10372944796781,68631726289.27937,3.788850364780032,20438,1054,21492,0.12112177396813567,6975761,6.018070345272664,2.6725610368733044,2.9298595522409667,4.1
Bulgaria,2020,137.41,4.5579059503880766,1.67244096855756,70716821234.59674,-3.215737434450162,21113,1938,23051,7.253861902103107,6934015,4.5579059503880766,3.302671494275369,3.0448448698192894,3.7
Bulgaria,2021,149.33,8.674768939669613,3.29774435299515,84417951260.8091,7.780614814069779,22830,7547,30377,31.781701444622794,6877743,8.674768939669613,8.13243025624023,3.3194028913264133,4.7
Bulgaria,2022,169.92,13.788254202102706,15.3252589264366,90642851835.89964,4.03877758301681,176297,11165,187462,517.1182144385555,6643324,13.788254202102706,672.2163819535699,26.537468291475772,5.6
Bulgaria,2023,186.67,9.857580037664784,9.44284140088564,102407653020.6062,1.886814839071775,97618,11941,109559,-41.55668882226798,6446596,9.857580037664784,-44.62866639818034,15.142565161520903,5.4
Czechia,2010,95.2,-1.7543859649122835,1.47272727272722,211168667286.26968,2.714665115018505,2424,1031,3455,-2.2354272778720996,10474410,-49.00091069802324,-97.5168514003565,0.23142114925804888,NA
Czechia,2011,95.3,0.10504201680671672,1.9172191363555,231429378717.31192,1.77238083691023,2424,909,3333,-3.5311143270622285,10496088,0.10504201680671672,0,0.23094318568975414,NA
Czechia,2012,93.9,-1.4690451206715547,3.28762306610411,210363223087.72824,-0.7706681764955192,2780,566,3346,0.39003900390039004,10510785,-1.4690451206715547,14.686468646864686,0.26449023550572104,NA
Czechia,2013,93.9,0,1.4382978723404,213024360541.11862,-0.0418124078092319,2966,292,3258,-2.630005977286312,10514272,0,6.6906474820143895,0.2820927592514251,NA
Czechia,2014,96.2,2.4494142705005295,0.343988589646794,210911285077.68277,2.245212186064876,3129,459,3588,10.128913443830571,10525347,2.4494142705005295,5.495616992582603,0.29728236038203776,NA
Czechia,2015,100,3.950103950103947,0.309364548494975,189107698561.9188,4.95875849031782,3640,654,4294,19.67670011148272,10546059,3.950103950103947,16.331096196868007,0.3451526300014062,2.9
Czechia,2016,107.2,7.200000000000002,0.683504209385703,198160659303.93896,2.5808701467578317,3640,769,4409,2.6781555659059153,10566332,7.200000000000002,0,0.3444904059421945,3.1
Czechia,2017,119.7,11.66044776119403,2.4505339846014,221563575696.2173,5.17356528805017,3640,799,4439,0.6804264005443411,10594438,11.66044776119403,0,0.3435765068425527,3.6
Czechia,2018,130,8.604845446950707,2.14949494949493,251992360762.23602,2.8303058941211248,2186,1910,4096,-7.726965532777652,10629928,8.604845446950707,-39.94505494505495,0.20564579553125853,3.7
Czechia,2019,141.9,9.153846153846159,2.8478759591805,256794209028.76953,3.565776572048435,2054,1632,3686,-10.009765625,10671870,9.153846153846159,-6.038426349496798,0.19246861140549876,4.3
Czechia,2020,153.9,8.456659619450317,3.16129528497801,251109660602.53552,-5.30487954551279,1919,1537,3456,-6.239826370048833,10697858,8.456659619450317,-6.572541382667965,0.17938170426266642,4.1
Czechia,2021,184.2,19.68810916179336,3.83984491500146,290972714482.31274,4.029018306338543,1909,1073,2982,-13.715277777777779,10505772,19.68810916179336,-0.5211047420531527,0.1817096354270776,4.9
Czechia,2022,215.3,16.88382193268188,15.1001651468371,301831228325.55554,2.847170657171489,435212,986,436198,14527.699530516433,10672118,16.88382193268188,22697.90466212677,40.78028372624815,4.5
Czechia,2023,211.7,-1.6720854621458534,10.6612601372426,343207874553.7345,-0.08533027592737596,377120,1239,378359,-13.259804033947887,10864042,-1.6720854621458534,-13.347977537384079,34.712678761735276,3.7
Denmark,2010,90.66,2.800771062478738,2.31092436974789,322345594075.47015,1.5828970207819566,17907,3334,21241,-1.1402773899283254,5547683,-57.17524799244214,-95.25164403903267,3.227834034496924,NA
Denmark,2011,89.12,-1.69865431281711,2.7586822605125,344315595263.17456,1.3108037793961387,13386,1415,14801,-30.318723223953675,5570572,-1.69865431281711,-25.247110068688222,2.4029848281289605,NA
Denmark,2012,86.71,-2.704219030520658,2.3979148566464,326792574244.9627,-0.005432318693266325,11797,1539,13336,-9.897979866225254,5591572,-2.704219030520658,-11.870611086209474,2.1097823653169447,NA
Denmark,2013,90.09,3.8980509745127554,0.789071780078062,344631016965.12024,1.3926734701729515,13153,1605,14758,10.662867426514696,5614932,3.8980509745127554,11.494447740951088,2.342503880723756,NA
Denmark,2014,93.49,3.7740037740037646,0.56402054044954,352832602064.45154,1.277999793806444,17767,4268,22035,49.308849437593175,5643475,3.7740037740037646,35.07944955523455,3.148237566393047,NA
Denmark,2015,100,6.963311584126651,0.452034153691575,301758922337.6373,2.1044145871258735,27312,2931,30243,37.2498298162015,5683483,6.963311584126651,53.72319468677886,4.8055039488989415,2.9
Denmark,2016,104.57,4.569999999999993,0.250000000000031,312181849372.233,3.0730454747985476,33501,7001,40502,33.92189928247859,5728010,4.569999999999993,22.6603690685413,5.848628057562749,3.5
Denmark,2017,109.75,4.953619584967014,1.14713216957602,331610593961.98785,3.056477243935163,35668,4229,39897,-1.4937533948940793,5764980,4.953619584967014,6.4684636279514045,6.187011923718729,3.5
Denmark,2018,114.59,4.410022779043284,0.813609467455631,355293374912.39276,1.8600074888522613,36623,2675,39298,-1.5013660174950498,5793636,4.410022779043284,2.6774700011214536,6.321246277812413,4.4
Denmark,2019,117.13,2.216598307007585,0.75813157251162,345401473012.6152,1.7114009439059004,37533,1422,38955,-0.8728179551122194,5814422,2.216598307007585,2.484777325724272,6.455155817723584,4
Denmark,2020,122.18,4.311448817553156,0.420711974110115,355631021931.62103,-1.7801059882174997,36643,1331,37974,-2.5182903350019252,5831404,4.311448817553156,-2.371246636293395,6.2837354434712465,4.1
Denmark,2021,136.28,11.540350302831882,1.8530454398968,408378204639.99896,7.382066289775551,36023,1519,37542,-1.137620477168589,5856733,11.540350302831882,-1.6920012007750458,6.150698691574296,4.5
Denmark,2022,142.7,4.710889345465209,7.6965669988926,401945576107.9633,1.5401731070956686,67772,2776,70548,87.9175323637526,5903037,4.710889345465209,88.1353579657441,11.480869931867273,3.7
Denmark,2023,137.28,-3.798177995795366,3.30517811237606,407091920305.4043,2.495184331488943,68912,2356,71268,1.0205817315870047,5946952,-3.798177995795366,1.6821106061500324,11.587784801357063,2.4
Germany,2010,83.9,1.0843373493975972,1.1038103778926,3468154343000.007,4.146767545324366,594250,51930,646180,2.1366859397276903,81776930,-38.88403263403263,762.3316693754354,7.266719354712876,NA
Germany,2011,86.8,3.4564958283670935,2.07517283735874,3824828563521.408,3.757968865863475,571672,62654,634326,-1.834473366554211,80274983,3.4564958283670935,-3.799411022297013,7.121421626461136,NA
Germany,2012,89.8,3.4562211981566824,2.00848884782956,3597896500945.3135,0.47429130585554446,589735,85507,675242,6.450311038803392,80425823,3.4562211981566824,3.1596789767559015,7.332657323257979,NA
Germany,2013,92.6,3.1180400890868567,1.50472330251876,3808086291482.364,0.386224576109953,187545,135515,323060,-52.15641207152398,80645605,3.1180400890868567,-68.19842810753983,2.325545204850283,NA
Germany,2014,95.5,3.131749460043203,0.906794000434246,3965800686309.79,2.1694989287907873,216956,226147,443103,37.158113044016595,80982500,3.131749460043203,15.682102961955795,2.679047942456704,NA
Germany,2015,100,4.712041884816754,0.514426137125456,3423568450957.0293,1.652719771746277,316098,420570,736668,66.25209037176458,81686611,4.712041884816754,45.696823319013994,3.869642725170714,35
Germany,2016,107.5,7.5,0.491747008445174,3537784107980.553,2.2947106768428114,669468,587306,1256774,70.6024966470649,82348669,7.5,111.79127991951863,8.129676024271868,39.5
Germany,2017,114.1,6.139534883720925,1.50949485109628,3763092263752.9478,2.7160245193159227,970357,429265,1399622,11.366244050242925,82657002,6.139534883720925,44.944493239408004,11.739562003470681,37.6
Germany,2018,121.7,6.660823838737957,1.73216879766942,4052008447223.5264,1.1164431092622493,1063835,369239,1433074,2.390073891379244,82905782,6.660823838737957,9.633361742121714,12.831855322225897,38
Germany,2019,128.7,5.751848808545592,1.44565976888253,3957208055215.6797,0.9878933491675781,1146682,309231,1455913,1.5937069544210556,83092962,5.751848808545592,7.78757984085878,13.79998946240477,39.2
Germany,2020,138.7,7.770007770007771,0.144877925813982,3940142541354.0967,-4.095137490646891,1210596,243157,1453753,-0.14836051329990185,83160871,7.770007770007771,5.573820815186774,14.557278987614259,41.1
Germany,2021,154.7,11.535688536409518,3.06666666666673,4348297440387.527,3.669999861567348,1255694,253867,1509561,3.838891476062302,83196078,11.535688536409518,3.725272510399836,15.093187445687043,41.9
Germany,2022,162.5,5.042016806722697,6.87257438551097,4163596357879.3936,1.3697310553658468,2075445,261019,2336464,54.77771352068581,83797985,5.042016806722697,65.28270422571104,24.767242314955425,37.9
Germany,2023,148.7,-8.4923076923077,5.94643667725823,4525703903627.531,-0.2664384100909132,2593007,361493,2954500,26.451766429955693,83280000,-8.4923076923077,24.937398967450353,31.136011047070124,25.2
Estonia,2010,63.9,5.672234165702,2.97204512015694,19524355419.03797,2.4497459157554147,31,5,36,2.857142857142857,1331475,-57.0275722932078,-99.99880447681014,0.023282449914568428,NA
Estonia,2011,69.32,8.482003129890446,4.9819013145361,23303915794.756855,7.6069766353788,34,5,39,8.333333333333332,1327439,8.482003129890446,9.67741935483871,0.02561322968513054,NA
Estonia,2012,74.37,7.285054818234293,3.93339987296985,23237406116.398834,3.672021159311683,48,0,48,23.076923076923077,1322696,7.285054818234293,41.17647058823529,0.03628951777279133,NA
Estonia,2013,82.29,10.64945542557483,2.78056658954988,25451032780.757328,1.7564946118826583,52,15,67,39.58333333333333,1317997,10.64945542557483,8.333333333333332,0.03945380755798382,NA
Estonia,2014,93.58,13.719771539676742,-0.10617514652171,27055689003.003826,3.3227875359873167,82,84,166,147.76119402985074,1314545,13.719771539676742,57.692307692307686,0.06237899805636171,NA
Estonia,2015,100,6.860440265013894,-0.49232600654737,23311847750.93944,1.8381570483746685,158,73,231,39.1566265060241,1315407,6.860440265013894,92.6829268292683,0.12011491500349322,0.5
Estonia,2016,104.75,4.75,0.148684907627373,24561027787.789555,3.0930158344115455,312,43,355,53.67965367965368,1315790,4.75,97.46835443037975,0.23711990515203796,0.6
Estonia,2017,110.51,5.4988066825775705,3.41723549488054,27469461919.11887,5.634674322293947,405,36,441,24.225352112676056,1317384,5.4988066825775705,29.807692307692307,0.3074274471224791,0.7
Estonia,2018,117.07,5.936114378789239,3.43632688420446,31222632740.72468,3.69969444001093,319,30,349,-20.861678004535147,1321977,5.936114378789239,-21.23456790123457,0.2413052572019029,0.6
Estonia,2019,125.27,7.004356367984969,2.27725931243522,31873748770.031322,3.7266531817839734,331,33,364,4.297994269340974,1326898,7.004356367984969,3.761755485893417,0.24945398968119628,0.7
Estonia,2020,132.79,6.003033447752851,-0.44453109767983,31820771493.897366,-2.8838100414032795,277,5,282,-22.52747252747253,1329522,6.003033447752851,-16.314199395770395,0.2083455557711719,0.8
Estonia,2021,152.78,15.053844415995188,4.65316673847473,37204563051.47227,7.154447483343972,321,15,336,19.148936170212767,1330932,15.053844415995188,15.884476534296029,0.24118437305587362,0.8
Estonia,2022,186.76,22.241131038093982,19.3982634080616,38376046174.97097,0.060427832332578646,40806,631,41437,12232.440476190475,1348840,22.241131038093982,12612.14953271028,30.252661546217492,0.6
Estonia,2023,197.72,5.868494324266442,9.15922507983982,41291245222.19485,-3.023035840661919,42005,346,42351,2.205758138861404,1370286,5.868494324266442,2.9382933882272213,30.654184600878942,0.5
Ireland,2010,105.96,-13.49497918197404,-0.918388645376774,221985621537.50043,1.6829723505625793,9099,5088,14187,15.472895979163276,4560155,-46.40906332186931,-78.33829306034997,1.9953269132299232,NA
Ireland,2011,87.86,-17.081917704794257,2.5489783020855,241337364609.73782,1.6487738997814887,8234,5380,13614,-4.038908860224149,4580084,-17.081917704794257,-9.506539180129685,1.797783621435764,NA
Ireland,2012,76.04,-13.453221033462318,1.69474116680366,227270922957.327,-0.3989599645054511,6309,5423,11732,-13.824004701043044,4599533,-13.453221033462318,-23.378673791595823,1.3716609925398948,NA
Ireland,2013,76.99,1.2493424513413842,0.515099484900573,243301556084.98892,2.1921757436481784,5991,5464,11455,-2.361063757245142,4623816,1.2493424513413842,-5.040418449833571,1.2956830462111812,NA
Ireland,2014,89.72,16.534614885050015,0.190916398713745,266787238499.03003,9.336033728686232,5832,4576,10408,-9.140113487560017,4657740,16.534614885050015,-2.6539809714571856,1.2521093921086193,NA
Ireland,2015,100,11.457868925546146,-0.330959783371788,302391428540.03467,24.61556997662558,6108,4982,11090,6.552651806302843,4701957,11.457868925546146,4.732510288065844,1.2990335726166784,2.1
Ireland,2016,107.46,7.459999999999995,0.0201247735963237,305733136180.907,1.2226386099642923,5720,4221,9941,-10.360685302073941,4755335,7.459999999999995,-6.352324819908317,1.2028595251438647,2.5
Ireland,2017,119.14,10.869160617904344,0.362173038229378,348532394023.5947,10.049628539461366,6394,5991,12385,24.585051805653354,4807388,10.869160617904344,11.783216783216783,1.330036185970427,3.2
Ireland,2018,131.33,10.231660231660241,0.471130713712916,395461216460.4177,7.544341907600312,6012,7159,13171,6.346386758175212,4867316,10.231660231660241,-5.9743509540193935,1.2351776625967987,4.1
Ireland,2019,134.41,2.3452371887611236,0.937842961189274,407124824064.9954,5.040550288017997,7795,7853,15648,18.806468757117912,4934340,2.3452371887611236,29.657351962741185,1.5797452141522474,4.7
Ireland,2020,134.82,0.30503682761699025,-0.326183651280033,436555518400.451,7.157898830572094,9035,7393,16428,4.984662576687116,4985382,0.30503682761699025,15.907633098139835,1.812298435706632,4.7
Ireland,2021,145.98,8.277703604806407,2.34034113447044,531306516907.9837,16.255613244600212,9571,6904,16475,0.28609690771852936,5033164,8.277703604806407,5.932484781405645,1.90158715273335,4.9
Ireland,2022,163.96,12.316755719961652,7.82945736434105,548570250341.9866,8.619503551914917,81256,15108,96364,484.9104704097117,5165700,12.316755719961652,748.9812976700449,15.729910757496565,4.2
Ireland,2023,168.99,3.0678214198585025,6.29942487419125,551394889339.7783,-5.530007360955366,113902,22250,136152,41.28927815366735,5307600,3.0678214198585025,40.17672541104657,21.4601703218027,4.6
Spain,2010,134.55,-1.7668102504197907,1.79986457728769,1427989078916.6694,0.09412231666826187,3814,2688,6502,-10.193370165745856,46576897,-20.379904136339423,-96.6515074362171,0.08188609043663857,NA
Spain,2011,124.27,-7.640282422891128,3.1961018883379,1487568659241.248,-0.6399206912873723,4220,2670,6890,5.967394647800677,46742697,-7.640282422891128,10.644992134242266,0.09028148290202424,NA
Spain,2012,105.9,-14.78232880019312,2.44612782366809,1330994811670.3127,-2.865113672910695,4502,2790,7292,5.834542815674891,46773055,-14.78232880019312,6.682464454976303,0.09625199807880841,NA
Spain,2013,96.24,-9.121813031161482,1.40858109183019,1362186923157.651,-1.4273221918188028,4641,4329,8970,23.011519473395502,46620045,-9.121813031161482,3.08751665926255,0.09954945345934352,NA
Spain,2014,96.54,0.31172069825437587,-0.151114837527235,1380244561361.956,1.520485922798187,5797,7508,13305,48.32775919732442,46480882,0.31172069825437587,24.90842490842491,0.12471794317500258,NA
Spain,2015,100,3.5840066293764177,-0.500365709903242,1206164777553.1243,4.060866697185688,6447,11023,17470,31.30402104472003,46444832,3.5840066293764177,11.212696222183888,0.13880984648625708,9.9
Spain,2016,104.62,4.6200000000000045,-0.202598000426452,1243015667917.1238,2.9151560280817392,12983,20360,33343,90.85861476817402,46484062,4.6200000000000045,101.3804870482395,0.2793000319120132,12.7
Spain,2017,111.1,6.193844389218112,1.95607633363963,1321754088818.826,2.8960420808163008,17541,34866,52407,57.17541912845275,46593236,6.193844389218112,35.107448201494265,0.37647095385261503,14
Spain,2018,118.58,6.732673267326737,1.6749813686379,1431642809327.0579,2.3954112036424675,20437,78685,99122,89.13885549640315,46797754,6.732673267326737,16.509891112251296,0.4367089924871181,17.2
Spain,2019,124.71,5.169505818856464,0.699518994458739,1403496387686.2722,1.9611785315134966,57751,133030,190781,92.47089445329998,47134837,5.169505818856464,182.5806135929931,1.2252296533877904,16.3
Spain,2020,127.5,2.237190281452976,-0.322753017299739,1289783836971.2097,-10.940070659186645,103624,103385,207009,8.50608813246602,47365655,2.237190281452976,79.43239078111202,2.1877455299625854,8.7
Spain,2021,132.19,3.678431372549018,3.0931351197642,1461244901852.6897,6.683144185002803,122539,103850,226389,9.361911800936191,47415794,3.678431372549018,18.253493399212537,2.584349847647811,12.2
Spain,2022,141.98,7.4060065057871185,8.39057634118627,1446498147749.033,6.179312225729632,314490,134580,449070,98.36211123331964,47759127,7.4060065057871185,156.64482328075144,6.584919360020965,14.8
Spain,2023,147.69,4.021693196224827,3.53236133492433,1620090734956.8914,2.675663492582288,385701,204270,589971,31.376177433362283,48347910,4.021693196224827,22.643327291805782,7.977614751082312,14.5
France,2010,99.74,4.637012169534203,1.53112270420926,2646230027988.3384,2.000324726999807,200687,48576,249263,5.227097150045804,65026211,-32.46665312478841,-47.96824483213681,3.0862477901411167,NA
France,2011,105.46,5.734910767996791,2.11159795174994,2870408553990.278,2.437576568770794,210207,49240,259447,4.085644479926824,65340830,5.734910767996791,4.743705372047018,3.217084937549768,NA
France,2012,104.88,-0.5499715531955228,1.9541953161351,2683007095787.227,0.18383527101957498,217865,49885,267750,3.200268262882207,65657659,-0.5499715531955228,3.6430756349693403,3.31819628232557,NA
France,2013,102.93,-1.859267734553765,0.863715497861805,2816077607875.2627,0.7817564459134019,232487,51691,284178,6.135574229691876,65997932,-1.859267734553765,6.711495650976522,3.522640679104915,NA
France,2014,101.36,-1.5253084620616024,0.50775882293799,2861236112552.4214,0.9978329379986661,252248,55826,308074,8.408814193920712,66312067,-1.5253084620616024,8.499830098026987,3.8039532080940863,NA
France,2015,100,-1.3417521704814517,0.0375143805125182,2442483452642.4985,1.0667547348890878,273117,63043,336160,9.116640807078818,66548272,-1.3417521704814517,8.273207319780534,4.104043452848783,33.1
France,2016,101.04,1.0400000000000063,0.18333486112386,2470407619777.1265,0.860031082016107,304527,62764,367291,9.2607686815802,66724104,1.0400000000000063,11.500565691626665,4.563972863539689,37.6
France,2017,104.24,3.167062549485341,1.03228275064662,2588868323334.7104,2.083614850620762,337158,63115,400273,8.979800757437562,66918020,3.167062549485341,10.71530603197746,5.03837381918951,40.2
France,2018,107.29,2.9259401381427583,1.85081508315502,2781576320884.39,1.6459087293270898,368345,89055,457400,14.272009353616157,67158348,2.9259401381427583,9.249965891362507,5.4847239541985155,38
France,2019,110.86,3.3274303290148133,1.10825492288294,2722793515171.7603,2.0274464763963493,407915,102140,510055,11.511805859204198,67382061,3.3274303290148133,10.742646160528851,6.0537625882354655,37.3
France,2020,116.62,5.195742377773773,0.476498852725066,2647926055110.0464,-7.44064593044142,436055,118137,554192,8.653380517787298,67601110,5.195742377773773,6.898496010198203,6.450411834953597,33.1
France,2021,123.98,6.311095866918196,1.64233141038385,2966433692008.092,6.882337865903551,499914,75708,575622,3.86689089701764,67842811,6.311095866918196,14.644712249601541,7.368710002302233,40.4
France,2022,131.82,6.32360058073882,5.22236748369735,2796302210398.8438,2.5708404744396915,612934,75047,687981,19.51958055807457,68065015,6.32360058073882,22.607888556831774,9.005125467172821,40.7
France,2023,131.26,-0.4248217265968763,4.87835726508441,3051831611384.76,0.9364875026714827,664366,79642,744008,8.14368420058112,68287487,-0.4248217265968763,8.391115519778639,9.72895663886416,29.9
Croatia,2010,110.47,-6.325786483507172,1.03055505333574,58981738868.75296,-1.3340815240057111,933,64,997,-21.248025276461295,4295427,-15.838793234801152,-99.85956536005756,0.21720774209409213,NA
Croatia,2011,110.66,0.17199239612564293,2.2727272727273,62903737379.78343,-0.09775145274466013,818,219,1037,4.012036108324975,4280622,0.17199239612564293,-12.32583065380493,0.1910937242297965,NA
Croatia,2012,108.93,-1.563347189589725,3.41207349081358,57551963753.210396,-2.253745580785832,722,329,1051,1.3500482160077145,4260368,-1.563347189589725,-11.7359413202934,0.16946892850570655,NA
Croatia,2013,104.63,-3.94748921325623,2.21658206429779,59852401272.32039,-0.1254498262114936,679,189,868,-17.411988582302566,4233922,-3.94748921325623,-5.955678670360111,0.1603714003233881,NA
Croatia,2014,102.98,-1.5769855681926708,-0.215196159576268,59612144078.413345,-0.5571501973061004,724,87,811,-6.566820276497695,4201598,-1.5769855681926708,6.62739322533137,0.17231539047762304,NA
Croatia,2015,100,-2.8937657797630645,-0.464499004644911,51005200669.69412,2.323175158038552,517,30,547,-32.552404438964246,4151725,-2.8937657797630645,-28.591160220994478,0.12452655221624746,0.7
Croatia,2016,100.89,0.8900000000000006,-1.12500000000002,52654855638.1057,3.4611294735676665,300,529,829,51.553930530164536,4106867,0.8900000000000006,-41.97292069632495,0.0730483845714994,0.9
Croatia,2017,104.75,3.8259490534245213,1.12937210282347,56186190437.99587,3.2809581214065844,508,406,914,10.253317249698432,4041407,3.8259490534245213,69.33333333333334,0.12569879747325624,1.3
Croatia,2018,111.14,6.100238663484488,1.50012501041756,61668130122.58781,2.90468149344008,787,198,985,7.768052516411379,3988775,6.100238663484488,54.92125984251969,0.19730368346171442,1.3
Croatia,2019,121.1,8.961669965808884,0.771820346498019,61467582193.682434,3.1004391144375774,916,454,1370,39.08629441624365,3949390,8.961669965808884,16.39135959339263,0.23193455191814433,1.5
Croatia,2020,130.38,7.663088356729976,0.154811374562106,57963370885.07977,-8.311642578846872,956,567,1523,11.167883211678832,3914206,7.663088356729976,4.366812227074235,0.24423855055150392,1.4
Croatia,2021,139.91,7.309403282712074,2.55450699642041,69006802298.6956,12.631700327771185,1020,562,1582,3.8739330269205516,3878981,7.309403282712074,6.694560669456067,0.26295565768432483,1.7
Croatia,2022,160.69,14.852405117575584,10.7805806758686,71198635101.95143,7.287936432065649,20638,1200,21838,1280.4045512010114,3855641,14.852405117575584,1923.3333333333335,5.352676766327571,2
Croatia,2023,179.88,11.9422490509677,7.9412817758683,84393795502.44211,3.302544880863252,25029,1597,26626,21.925084714717467,3859686,11.9422490509677,21.27628646186646,6.484724405042275,2.1
Italy,2010,118.1,NA,1.52551602118248,2144936254535.0042,1.5291057572893294,56402,4070,60472,1.9299812901377116,59277417,-34.34511896820103,125.34659794638219,0.9514922014904934,NA
Italy,2011,119.7,1.3547840812870522,2.78063272879323,2306974020278.215,0.6954631292078517,58066,13525,71591,18.387022092869426,59379449,1.3547840812870522,2.950249991135066,0.9778804111166475,NA
Italy,2012,116.7,-2.506265664160401,3.04136333226775,2097929495121.6802,-3.1252387954381646,64782,14320,79102,10.491542232962244,59539717,-2.506265664160401,11.566148865084559,1.0880468242736188,NA
Italy,2013,109.1,-6.512425021422458,1.21999342274306,2153225581941.457,-1.8180250610428317,76248,13635,89883,13.629238198781321,60233948,-6.512425021422458,17.699360933592665,1.265864226598595,NA
Italy,2014,104,-4.674610449129235,0.241047429826756,2173255507985.8354,-0.0013876397649283945,93712,45730,139442,55.13723395970317,60789140,-4.674610449129235,22.90420732347078,1.5415911460501004,NA
Italy,2015,100,-3.8461538461538463,0.0387903996579733,1845428048839.1006,0.8856676380467832,118036,60135,178171,27.77427174022174,60730582,-3.8461538461538463,25.956120880997098,1.9436006722280381,3.7
Italy,2016,100.3,0.29999999999999716,-0.09401665691575,1887111188176.9307,1.2362211072750995,147362,99896,247258,38.77567056367198,60627498,0.29999999999999716,24.84496255379715,2.4306132507727765,3.9
Italy,2017,99.2,-1.0967098703888278,1.22653316645812,1970720904584.7092,1.6036999464836157,167330,186645,353975,43.16018086371321,60536709,-1.0967098703888278,13.550304691847288,2.764107972899551,4.5
Italy,2018,98.6,-0.6048387096774279,1.13748763600391,2099435266458.665,0.8266466973636994,189227,105606,294833,-16.707959601666783,60421760,-0.6048387096774279,13.08611725333174,3.1317690845152475,4.8
Italy,2019,98.5,-0.10141987829614027,0.611246943765304,2019606796583.5261,0.4291625343719119,207602,47030,254632,-13.635176523659156,59729081,-0.10141987829614027,9.71055927536768,3.475727342933671,5
Italy,2020,100.4,1.92893401015229,-0.13770757391651,1907481094079.227,-8.868221210463872,128033,53901,181934,-28.550221496119892,59438851,1.92893401015229,-38.327665436749164,2.1540288522737425,4.4
Italy,2021,103,2.5896414342629424,1.87378325762481,2179207773596.089,8.931062066007797,144862,51779,196641,8.083700682665143,59133173,2.5896414342629424,13.144267493536823,2.4497586151854223,5.2
Italy,2022,106.9,3.786407766990297,8.20128991161718,2102995942720.4363,4.661762651136954,296181,79979,376160,91.29276193672735,59013667,3.786407766990297,104.45734561168561,5.018854361312608,5.2
Italy,2023,108.3,1.3096351730589255,5.62219442195901,2300941152991.805,0.6976329941967805,298296,146922,445218,18.358677158655894,58993475,1.3096351730589255,0.7140903704153879,5.056423612950415,4.7
Cyprus,2010,112.9,-5.728122912491649,2.43004084102254,25799940077.607452,2.2835449970291677,3397,5385,8782,11.291344569763021,1127816,4.247460757156056,-98.86119827285648,3.012016144477468,NA
Cyprus,2011,111.09,-1.603188662533217,3.28944939564211,27641547909.70109,0.416712762832276,3498,3042,6540,-25.529492143019812,1146493,-1.603188662533217,2.973211657344716,3.0510434865280467,NA
Cyprus,2012,107.7,-3.051579800162031,2.38905410042317,25047436974.68195,-3.447381423936193,3627,2624,6251,-4.418960244648318,1165397,-3.051579800162031,3.687821612349914,3.1122441537089935,NA
Cyprus,2013,103.29,-4.094707520891362,-0.399357676464426,23959712860.83313,-6.587476957000732,3879,2629,6508,4.1113421852503595,1183895,-4.094707520891362,6.9478908188585615,3.276472998027697,NA
Cyprus,2014,101.47,-1.7620292380675837,-1.35498885446315,23225918259.98236,-1.7760618111108926,5120,2436,7556,16.103257529194835,1201801,-1.7620292380675837,31.992781644753805,4.260272707378343,NA
Cyprus,2015,100,-1.4487040504582624,-2.0969976905311,19909278416.857502,3.4189229903339253,7062,2210,9272,22.710428798305983,1219502,-1.4487040504582624,37.9296875,5.790888411827122,0.7
Cyprus,2016,100.27,0.269999999999996,-1.42916666666665,21046462280.59786,6.573591005131135,8478,3049,11527,24.320534943917167,1237112,0.269999999999996,20.050977060322854,6.853057766798803,0.8
Cyprus,2017,102.52,2.2439413583325023,0.531766496174467,22946570628.7576,5.750832460144167,9790,5216,15006,30.181313438015096,1254275,2.2439413583325023,15.475347959424393,7.805305853979391,1.1
Cyprus,2018,104.32,1.755754974639092,1.43549119531759,25754001367.544785,6.271667304384266,11002,10267,21269,41.73663867786219,1270737,1.755754974639092,12.379979570990807,8.65796777775417,1.3
Cyprus,2019,108.2,3.719325153374243,0.250370996758493,26196667099.53027,5.8755912300326685,12311,18799,31110,46.26921811086558,1286671,3.719325153374243,11.89783675695328,9.568102490846535,2.1
Cyprus,2020,107.98,-0.20332717190388064,-0.638422797978959,25555093854.29683,-3.220634335750475,13997,20483,34480,10.832529733204757,1302247,-0.20332717190388064,13.69506945008529,10.748344976029893,1.9
Cyprus,2021,104.33,-3.3802556028894295,2.44608867175474,30372874319.628525,11.38776335519998,16277,25336,41613,20.687354988399072,1317309,-3.3802556028894295,16.289204829606344,12.356250507663729,2
Cyprus,2022,107.13,2.6837918144349633,8.39548297993334,30976176886.85206,7.3656225242867635,29280,36497,65777,58.06839208901064,1331370,2.6837918144349633,79.88572832831603,21.992383785123597,1.8
Cyprus,2023,110.27,2.931018388873332,3.54134188751663,33886930712.33943,2.611900909147451,39044,31664,70708,7.496541344238867,1344976,2.931018388873332,33.34699453551912,29.029514281295725,2
Latvia,2010,80.35,-10.959663120567377,-1.08463595015162,23468324572.33428,-3.6612590805493994,60,43,103,9.574468085106384,2097555,-27.133399836764312,-99.84632722057167,0.02860473265301744,NA
Latvia,2011,88.73,10.429371499688873,4.3707355993922,26575547900.824738,3.036345903397759,88,216,304,195.14563106796118,2059709,10.429371499688873,46.666666666666664,0.042724481953518675,NA
Latvia,2012,91.36,2.9640482362222422,2.25778924374595,27116149948.668335,7.305240455277541,113,171,284,-6.578947368421052,2034319,2.9640482362222422,28.40909090909091,0.05554684393155646,NA
Latvia,2013,97.62,6.852014010507887,-0.0294547782579216,29152128167.84381,2.096091140878812,149,183,332,16.901408450704224,2012647,6.852014010507887,31.858407079646017,0.0740318595362227,NA
Latvia,2014,103.48,6.002868264699856,0.620490636732421,30277203767.405777,2.094959595862676,168,235,403,21.385542168674696,1993782,6.002868264699856,12.751677852348994,0.08426197046617935,NA
Latvia,2015,100,-3.362968689601859,0.174242243625186,26344565876.89022,3.7833652895781285,193,182,375,-6.9478908188585615,1977527,-3.362968689601859,14.880952380952381,0.09759664469815077,0.3
Latvia,2016,108.49,8.489999999999995,0.140633334505327,27117105059.507458,2.5516858535470135,340,151,491,30.933333333333334,1959537,8.489999999999995,76.16580310880829,0.17351037515494733,0.4
Latvia,2017,118.01,8.775002304359859,2.93036312374665,29391059767.425934,3.398949377790089,653,54,707,43.9918533604888,1942248,8.775002304359859,92.05882352941175,0.3362083523834238,0.5
Latvia,2018,129.3,9.566985848656898,2.53445424186598,33247935477.357624,4.30971088766286,664,45,709,0.2828854314002829,1927174,9.566985848656898,1.6845329249617151,0.3445459517407354,0.6
Latvia,2019,140.88,8.955916473317853,2.81140920075615,33099503950.847004,0.6753752568120746,665,41,706,-0.4231311706629055,1913822,8.955916473317853,0.15060240963855423,0.347472230959828,0.6
Latvia,2020,145.77,3.471039182282804,0.219064904842156,33379927434.61488,-3.469229153396185,637,73,710,0.56657223796034,1900449,3.471039182282804,-4.2105263157894735,0.3351839486352962,0.7
Latvia,2021,161.65,10.89387391095561,3.27582937431156,38185125732.94512,6.94723316214511,705,209,914,28.732394366197184,1884490,10.89387391095561,10.675039246467819,0.3741065221890273,0.7
Latvia,2022,184.01,13.832353850912455,17.3102830198815,38018905782.39703,1.8126824022840964,39055,249,39304,4200.218818380744,1879383,13.832353850912455,5439.7163120567375,20.78075623755243,0.7
Latvia,2023,190.89,3.7389272322156377,8.93804623316637,42247850064.51251,1.7067952496992405,45761,552,46313,17.832790555668634,1877445,3.7389272322156377,17.17065676609909,24.374082862613818,0.7
Lithuania,2010,84.2,-7.391113066432027,1.31921362055463,36638128534.06432,0.427199033691366,808,67,875,1.8626309662398137,3097282,-55.890827177955885,-98.23430432027273,0.26087388878377876,NA
Lithuania,2011,89.77,6.615201900237522,4.13027562645085,43186501862.790695,6.323637398040518,824,73,897,2.5142857142857142,3028115,6.615201900237522,1.9801980198019802,0.27211648170561553,NA
Lithuania,2012,89.56,-0.2339311574022432,3.08998277055417,42709372066.862656,4.382905596208559,871,70,941,4.9052396878483835,2987773,-0.2339311574022432,5.703883495145631,0.2915214777026233,NA
Lithuania,2013,90.65,1.2170611880303746,1.04747937065344,46303660422.043365,4.046914350913113,918,74,992,5.419766206163656,2957689,1.2170611880303746,5.39609644087256,0.31037746024007257,NA
Lithuania,2014,96.47,6.420297848869269,0.103758009433708,48306546656.92814,3.7725413149966727,1007,139,1146,15.524193548387096,2932367,6.420297848869269,9.694989106753813,0.3434085842597465,NA
Lithuania,2015,100,3.6591686534674004,-0.884097405500596,41540954817.20389,2.8328085774110434,1094,75,1169,2.006980802792321,2904910,3.6591686534674004,8.639523336643496,0.3766037502022438,1.4
Lithuania,2016,105.4,5.400000000000006,0.905525075460342,42970749245.03357,2.67192019895775,1284,147,1431,22.412318220701454,2868231,5.400000000000006,17.36745886654479,0.44766268825628064,1.8
Lithuania,2017,114.8,8.918406072106254,3.72288862303707,47756764508.44596,4.612243146007785,1577,249,1826,27.603074772886092,2828403,8.918406072106254,22.819314641744548,0.5575584525967481,1.6
Lithuania,2018,123.18,7.2996515679442595,2.69792779208394,54261795148.537216,4.9183697945524045,1731,273,2004,9.748083242059145,2801543,7.2996515679442595,9.765377298668358,0.617873793120434,1.5
Lithuania,2019,131.61,6.843643448611793,2.33450937988027,55122066225.79599,4.677351557968066,1822,408,2230,11.27744510978044,2794137,6.843643448611793,5.257076834199884,0.6520796940164351,1.4
Lithuania,2020,141.18,7.271483929792563,1.19989444983569,57412038533.27175,0.04281401734867529,1880,122,2002,-10.22421524663677,2794885,7.271483929792563,3.1833150384193196,0.6726573723069107,1.5
Lithuania,2021,163.84,16.050432072531517,4.68354420903453,67037321008.96792,6.380016762043212,1880,122,2002,0,2800839,16.050432072531517,0,0.6712274429197823,2.1
Lithuania,2022,195.05,19.049072265625007,19.7050461518394,71033884499.78238,2.537525008871725,67638,491,68129,3303.046953046953,2831639,19.049072265625007,3497.7659574468084,23.886519432738424,1.7
Lithuania,2023,214.2,9.8179953857985,9.11731962390475,79789877416.16808,0.3422625522291298,80225,333,80558,18.24333250157789,2871585,9.8179953857985,18.60936160146663,27.937532756300094,1.3
Luxembourg,2010,80.14,5.419626414101558,2.2736791162154,56213985987.41678,3.7604135925509468,3254,660,3914,6.590413943355119,506953,-62.586367880485525,-95.94390775942662,6.418740987823329,NA
Luxembourg,2011,83.09,3.6810581482405826,3.41068341068342,61696281326.245255,1.0442986945573125,2855,1694,4549,16.223811957077157,518347,3.6810581482405826,-12.261831591886908,5.50789336101106,NA
Luxembourg,2012,86.58,4.2002647731375555,2.66284165508021,59776383527.36017,1.6499020297865172,2910,1239,4149,-8.793141349747197,530946,4.2002647731375555,1.926444833625219,5.480783356499531,NA
Luxembourg,2013,90.89,4.97805497805498,1.73403963519162,65203276466.976265,3.1717904991600534,901,1003,1904,-54.10942395758014,543360,4.97805497805498,-69.03780068728523,1.658200824499411,NA
Luxembourg,2014,94.88,4.38992188359555,0.628543985440717,68804811897.64447,2.623086015771918,1091,1226,2317,21.691176470588236,556319,4.38992188359555,21.08768035516093,1.9611050494410578,NA
Luxembourg,2015,100,5.396290050590224,0.474743161437779,60071584216.13747,2.269784484195654,1306,2349,3655,57.747086750107904,569604,5.396290050590224,19.706691109074242,2.2928209773807766,0.9
Luxembourg,2016,106.01,6.010000000000005,0.290833333333317,62216885435.94879,4.978190436816291,2020,2186,4206,15.075239398084817,582014,6.010000000000005,54.67075038284839,3.470706890212263,0.8
Luxembourg,2017,111.96,5.6126780492406265,1.73079959118887,65712180342.98364,1.3171876629367745,2020,1495,3515,-16.428911079410366,596336,5.6126780492406265,0,3.387352096804486,0.9
Luxembourg,2018,119.86,7.056091461236161,1.5281952430738,71000359760.46112,1.219321918563594,2020,1485,3505,-0.2844950213371266,607950,7.056091461236161,0,3.3226416646105763,1.1
Luxembourg,2019,131.99,10.12014016352412,1.74332075653848,69890505323.5842,2.915847915000498,2548,1785,4333,23.62339514978602,620001,10.12014016352412,26.13861386138614,4.1096707908535635,1
Luxembourg,2020,151.12,14.493522236533066,0.819957302127036,73699366700.21344,-0.9098297988867188,5158,1400,6558,51.350103854142624,630419,14.493522236533066,102.43328100470958,8.181860001046923,0.9
Luxembourg,2021,172.15,13.916093170989944,2.52692009066166,85584105993.87459,7.168401986977486,6011,1765,7776,18.57273559011894,640064,13.916093170989944,16.537417603722375,9.391248375162483,1.1
Luxembourg,2022,188.6,9.555620098751081,6.33600807777919,81641807865.75908,1.3801858908320668,11952,2615,14567,87.33281893004116,653103,9.555620098751081,98.83546830810181,18.300329350806837,0.7
Luxembourg,2023,171.48,-9.07741251325557,3.74140361983136,85755006123.5976,-1.0957236157699413,13735,3745,17480,19.997254067412644,666430,-9.07741251325557,14.918005354752342,20.609816484852125,0.6
Hungary,2010,93.66,-2.386659718603446,4.85555795691956,132175349953.71332,1.0762540427766965,5400,354,5754,-13.888057467824005,10000023,-45.381385584324704,-60.68438296323262,0.5399987580028567,NA
Hungary,2011,90.45,-3.4272901985906405,3.9299209893507,141942264554.47513,1.8668374754429777,5085,360,5445,-5.370177267987486,9971727,-3.4272901985906405,-5.833333333333333,0.5099417583333359,NA
Hungary,2012,87.1,-3.703703703703713,5.65214517088646,128814279315.1317,-1.2502260234706313,4034,386,4420,-18.824609733700644,9920362,-3.703703703703713,-20.668633235004915,0.4066383867846758,NA
Hungary,2013,84.87,-2.5602755453501604,1.73319984983101,135684315697.71341,1.8025221008226566,2422,1876,4298,-2.760180995475113,9893082,-2.5602755453501604,-39.96033713435796,0.2448175401760543,NA
Hungary,2014,88.43,4.1946506421585985,-0.227566270988219,141033843265.66858,4.232209806142691,2854,15664,18518,330.8515588645882,9866468,4.1946506421585985,17.836498761354253,0.2892625810979167,NA
Hungary,2015,100,13.083795092163284,-0.0616446800641672,125174166987.37169,3.7073159793626047,4383,36671,41054,121.69780753861107,9843028,13.083795092163284,53.5739313244569,0.44528980309717703,1.4
Hungary,2016,113.38,13.379999999999995,0.394769306686392,128609822750.03862,2.2010018929385637,4736,3396,8132,-80.19194231987139,9814023,13.379999999999995,8.053844398813597,0.4825747810046909,3.3
Hungary,2017,127.24,12.224378197212912,2.34824281150154,143112196040.32568,4.271976016206949,5671,666,6337,-22.073290703394,9787966,12.224378197212912,19.74239864864865,0.5793849304339636,4.1
Hungary,2018,145.5,14.350833071361214,2.85024792594646,160565642983.58676,5.36234836176223,6019,120,6139,-3.124506864446899,9775564,14.350833071361214,6.136483865279492,0.6157189498222302,3.9
Hungary,2019,170.17,16.95532646048109,3.33858635382008,164020460331.65897,4.864225735118907,5750,222,5972,-2.72031275452028,9771141,16.95532646048109,-4.469180927064296,0.5884676108962096,3.9
Hungary,2020,178.58,4.942116706822604,3.32674385766738,157288955508.17633,-4.487046047653081,5838,38,5876,-1.6075016744809107,9750149,4.942116706822604,1.5304347826086957,0.598760080486975,2.6
Hungary,2021,208.04,16.496808153208633,5.11096534382855,182109999477.69073,7.061220609729119,5676,5,5681,-3.3185840707964607,9709891,16.496808153208633,-2.774922918807811,0.5845585702249386,3.6
Hungary,2022,254.52,22.34185733512787,14.6081439492433,177006128624.62692,4.583407672950685,35370,20,35390,522.953705333568,9644377,22.34185733512787,523.1501057082452,3.667421959966932,4.1
Hungary,2023,272.54,7.079993713657083,17.1249659678737,212388906458.72394,-0.9076859561402415,63180,5,63185,78.53913534896864,9592186,7.079993713657083,78.62595419847328,6.586611227096722,2.5
Malta,2010,91.04,1.0769401576551718,1.51563513618532,9097044160.947304,6.197345169111898,6143,1282,7425,-4.501607717041801,414508,-66.59572906729288,-90.2769863880975,14.819979349011358,NA
Malta,2011,89.8,-1.3620386643233844,2.9629852819288,9789361703.697311,0.9919636752963754,6948,1448,8396,13.077441077441076,416268,-1.3620386643233844,13.104346410548592,16.691170111562744,NA
Malta,2012,92.54,3.051224944320723,2.37582057760386,9609532088.886833,4.10259030296838,8242,754,8996,7.146260123868508,420028,3.051224944320723,18.62406447898676,19.62250135705239,NA
Malta,2013,92.16,-0.41063323968014875,1.1802843636655,10796782637.510044,6.291715744012578,9900,900,10800,20.0533570475767,425967,-0.41063323968014875,20.116476583353553,23.241236997232182,NA
Malta,2014,94.51,2.549913194444454,0.310306472181665,11888032872.432009,7.631129374826855,6095,176,6271,-41.93518518518518,434558,2.549913194444454,-38.43434343434343,14.02574570022874,NA
Malta,2015,100,5.808909110147069,1.10054826378929,11340795041.806465,9.621097562283481,7068,574,7642,21.862541859352575,445053,5.808909110147069,15.963904840032814,15.881254592149698,0.8
Malta,2016,105.45,5.450000000000003,0.642702771527304,12025782834.359617,4.077719294812837,7941,868,8809,15.270871499607432,455356,5.450000000000003,12.35144312393888,17.439102592257488,1.3
Malta,2017,111.03,5.291607396870553,1.36435448150708,14161366723.677877,12.972119343497951,7994,1349,9343,6.0619820637983874,467999,5.291607396870553,0.6674222390127188,17.08123307955786,1.5
Malta,2018,117.45,5.782221021345584,1.15782362451517,16153779511.155882,7.18909653691901,8579,1860,10439,11.73070748153698,484630,5.782221021345584,7.317988491368527,17.702164537894888,1.9
Malta,2019,124.65,6.130268199233719,1.6420600176894,16337793530.778841,4.084706028473391,8908,3681,12589,20.595842513650734,504062,6.130268199233719,3.8349457978785404,17.672429185298633,2
Malta,2020,128.86,3.3774568792619397,0.638544956776712,16385919535.674227,-3.4746875093225214,9168,4047,13215,4.972595122726189,515332,3.3774568792619397,2.918724741805119,17.79047293783425,1.3
Malta,2021,135.44,5.106316933105683,1.49789217934724,19718565605.43304,13.460305196059494,9335,3674,13009,-1.5588346575860765,518536,5.106316933105683,1.8215532286212914,18.0026073406668,1.2
Malta,2022,144.45,6.6523922031895975,6.15375621933037,19209979975.232304,4.147882816011332,11098,2070,13168,1.2222307633177032,531511,6.6523922031895975,18.885913229780396,20.880094673487474,1.5
Malta,2023,153.42,6.209761163032191,5.09396758978883,22328640241.555298,7.498512459378688,11724,815,12539,-4.776731470230863,552747,6.209761163032191,5.640655974049378,21.210427193634704,1.2
Netherlands,2010,111.48,-1.7451084082495947,1.27530569556683,852464982433.335,1.3193202329624398,74948,13034,87982,-4.599670367800139,16615394,-27.336722721939765,539.2698737632207,4.510756711517042,NA
Netherlands,2011,109.27,-1.9824183710082595,2.34107017751373,913140741332.6866,1.7733452065724578,74587,10406,84993,-3.397285808460822,16693074,-1.9824183710082595,-0.48166728932059566,4.468140499467025,NA
Netherlands,2012,101.96,-6.689850828223669,2.45554765291604,845689017065.6252,-0.9778770085138291,71893,10406,82299,-3.1696727965832476,16754962,-6.689850828223669,-3.6118894713555982,4.2908482872118725,NA
Netherlands,2013,95.81,-6.031777167516665,2.50689852657885,883951539006.6692,-0.030232451655294312,74700,0,74700,-9.233405023147306,16804432,-6.031777167516665,3.904413503400887,4.4452558705941385,NA
Netherlands,2014,96.61,0.8349859096127723,0.976035079699679,901556501756.4674,1.6126100744912293,82483,6914,89397,19.674698795180724,16865008,0.8349859096127723,10.4190093708166,4.890777401350773,NA
Netherlands,2015,100,3.508953524479868,0.600248147278776,775743675302.734,2.1206052242171722,88518,28030,116548,30.371265254986184,16939923,3.508953524479868,7.316659190378623,5.225407459053976,9.7
Netherlands,2016,105.29,5.290000000000006,0.316666666666743,797163949289.8853,2.424285765366335,101727,10369,112096,-3.8198853691183032,17030314,5.290000000000006,14.922388666711855,5.973289746742191,9.4
Netherlands,2017,113.81,8.091936556178169,1.38145871407206,848233537845.8838,2.7815460987956016,103843,5818,109661,-2.172245218384242,17131296,8.091936556178169,2.080077069018058,6.061596273860425,12.3
Netherlands,2018,124.4,9.304981987523067,1.7034979474447,929733599796.862,2.2587403962495216,101824,12303,114127,4.072550861290705,17231624,9.304981987523067,-1.9442812707645196,5.90913543610283,12.2
Netherlands,2019,133.38,7.218649517684879,2.63369910249601,928903005576.4691,2.300091594761966,94417,15599,110016,-3.60212745450244,17344874,7.218649517684879,-7.27431646763042,5.443510284364129,10.1
Netherlands,2020,144.07,8.014694856800118,1.27246037789161,932560861701.1699,-3.867953393234231,95897,11882,107779,-2.0333406050029086,17441500,8.014694856800118,1.5675143247508394,5.4982082963047905,11.9
Netherlands,2021,164.94,14.486013743319223,2.67572008805385,1054472123449.5955,6.276830732305257,99585,17106,116691,8.268772209799682,17533044,14.486013743319223,3.845792881946255,5.6798465799777835,13.5
Netherlands,2022,186.84,13.277555474718083,10.0012078753473,1046540797548.6422,5.007234590450366,237368,31594,268962,130.4907833509011,17700982,13.277555474718083,138.35718230657227,13.409877485893157,11.2
Netherlands,2023,183.26,-1.9160779276386277,3.83839354342808,1154361305398.0596,0.07456072164949035,237767,43915,281682,4.729292613826488,17877117,-1.9160779276386277,0.16809342455596374,13.300075174313621,8.3
Austria,2010,77.32,NA,1.81353438995062,389827789217.6341,1.808982669608497,42613,25602,68215,-3.9604099791631473,8363404,-57.8085779766452,-82.07783249988434,5.09517416592574,NA
Austria,2011,81.47,5.367304707708233,3.2865791487538,428954737064.05725,2.9274679078969257,47055,24464,71519,4.843509492047204,8391643,5.367304707708233,10.42404899913172,5.607364374294759,NA
Austria,2012,86.86,6.61593224499816,2.48567562177015,406750487603.5899,0.6282461794139493,51707,22418,74125,3.643786965701422,8429991,6.61593224499816,9.886303262140048,6.133695753649085,NA
Austria,2013,91.2,4.996546166244535,2.00015616900597,426580502769.4165,-0.2507265459267387,55575,22731,78306,5.6404721753794265,8479823,4.996546166244535,7.4806119094126515,6.553792455337806,NA
Austria,2014,94.68,3.8157894736842146,1.60581182954474,438556021078.0341,0.7557990768927993,60724,22745,83469,6.593364493142288,8546356,3.8157894736842146,9.264957264957264,7.105250471663011,NA
Austria,2015,100,5.6189269117025695,0.89656333526032,379546097300.6326,1.3035230979888865,72198,80060,152258,82.41263223472187,8642699,5.6189269117025695,18.895329688426322,8.353640454214592,7.1
Austria,2016,106.71,6.709999999999994,0.891591752655362,393687359770.2733,2.1172196709610773,93242,76382,169624,11.405640426118826,8736668,6.709999999999994,29.147621817778884,10.672489786724185,7.9
Austria,2017,112.14,5.088557773404561,2.08126911385587,414926138132.6913,2.2722501203745935,115252,56279,171531,1.1242512851954913,8797566,5.088557773404561,23.605242272795522,13.100441644882231,8.8
Austria,2018,118.83,5.965757089352593,1.9983798142954,452582294972.7754,2.4842208668992782,128779,37347,166126,-3.1510339238971383,8840521,5.965757089352593,11.736889598445147,14.566901656587886,7.6
Austria,2019,125.97,6.008583690987125,1.53089564152644,442983642371.8424,1.7549764558532956,135951,26696,162647,-2.094193563921361,8879920,6.008583690987125,5.569231008161268,15.309935224641663,8.4
Austria,2020,135.52,7.581170119869819,1.38191063351862,434397601557.69617,-6.318255286702083,141816,20710,162526,-0.07439424028724785,8916864,7.581170119869819,4.314054328397732,15.904246156496274,8
Austria,2021,151.02,11.437426210153482,2.7666666666667,480467037338.78296,4.795329105514583,152514,27847,180361,10.973628834771052,8955797,11.437426210153482,7.543577593501438,17.02964013141432,8.1
Austria,2022,168.49,11.56800423784929,8.5468699318845,471773629830.3812,5.277894212037154,258613,53087,311700,72.82006642234185,9041851,11.56800423784929,69.56672830035275,28.601776339822454,6.4
Austria,2023,163.68,-2.854768829010625,7.81413417002832,511685203845.0012,-0.9549623668492586,257811,38039,295850,-5.085017645171639,9131761,-2.854768829010625,-0.31011588744572005,28.23234204224136,4.3
Poland,2010,105.61,NA,2.58069370250543,478111630683.5141,3.168927482580358,15537,2111,17648,-0.27124773960216997,38042794,-35.477761485826,-93.97349220940922,0.4084084886089071,NA
Poland,2011,105.7,0.08521920272701772,4.2394014962594,527848543023.4693,5.25546256612796,15834,2873,18707,6.0006799637352675,38063255,0.08521920272701772,1.9115659393705349,0.4159917484723784,NA
Poland,2012,102.01,-3.4910122989593164,3.56037151702783,498148649702.66003,1.5117816764457501,15897,2394,18291,-2.223766504517026,38063164,-3.4910122989593164,0.3978779840848806,0.4176478865498412,NA
Poland,2013,97.54,-4.381923340848935,0.991982606332428,518179836405.3601,0.6842406070518052,16428,2157,18585,1.6073478760045925,38040196,-4.381923340848935,3.340252877901491,0.4318589735972969,NA
Poland,2014,98.5,0.984211605495175,0.0538213132399802,542134167178.62683,3.920508623900318,15730,2675,18405,-0.9685230024213075,38011735,0.984211605495175,-4.248843438032627,0.41381957440248385,NA
Poland,2015,100,1.5228426395939088,-0.87412587412577,480054118583.3665,4.431767002644776,14057,3281,17338,-5.797337679978267,37986412,1.5228426395939088,-10.63572790845518,0.37005337592821347,17.3
Poland,2016,101.86,1.8599999999999994,-0.664767331433961,473259583969.64294,3.03117767594847,11738,3412,15150,-12.619679317106932,37970087,1.8599999999999994,-16.49711887315928,0.3091380854618532,19.3
Poland,2017,105.78,3.84841939917534,2.0759355367385,528356676667.21075,5.1524577332590695,12225,2878,15103,-0.3102310231023102,37974826,3.84841939917534,4.148918043959789,0.32192379235654695,22.6
Poland,2018,112.74,6.579693703913778,1.81295156542679,594616687350.0171,6.245858472394204,12495,3059,15554,2.986161689730517,37974750,6.579693703913778,2.208588957055215,0.32903442418975765,23.6
Poland,2019,122.52,8.674827035657266,2.227478809383,602683770144.8804,4.58045817256199,12658,4783,17441,12.131927478462131,37965475,8.674827035657266,1.3045218087234893,0.3334081820390763,24.6
Poland,2020,135.36,10.479921645445655,3.37446972618589,605914237903.7422,-2.0355688239997676,2771,3602,6373,-63.45966401009117,37899070,10.479921645445655,-78.10870595670723,0.0731152505853046,25.2
Poland,2021,147.77,9.168144208037821,5.05502704719272,689170230665.3503,6.9271826605250055,4875,3823,8698,36.482033579162085,36981559,9.168144208037821,75.92926741248647,0.13182245778226925,31.7
Poland,2022,165.21,11.80212492386817,14.4294507575758,695607470875.2762,5.255456973860362,971129,3020,974149,11099.689583812371,36821749,11.80212492386817,19820.594871794874,26.373787947986933,26.2
Poland,2023,179.78,8.819078748259786,11.5289127961105,809200697797.0883,0.13883275478718815,971478,6989,978467,0.4432586801403071,36687353,8.819078748259786,0.03593755309541781,26.479915299422117,20.3
Portugal,2010,107.36,0.7696639759714596,1.40257289895369,238443864993.21713,1.737624510454367,368,61,429,9.16030534351145,10573100,-40.28256758260096,-99.962119574504,0.03480530780944094,NA
Portugal,2011,102.09,-4.908718330849475,3.65301100430724,245426767676.00244,-1.7135275032034514,399,212,611,42.42424242424242,10557560,-4.908718330849475,8.423913043478262,0.037792823341756994,NA
Portugal,2012,94.87,-7.072191203839748,2.77333854051586,216536676771.97272,-4.050902618683551,473,192,665,8.8379705400982,10514844,-7.072191203839748,18.546365914786968,0.04498402448956922,NA
Portugal,2013,93.09,-1.8762517128702447,0.274416666666663,226677408291.74533,-0.9841067581035361,596,198,794,19.398496240601503,10457295,-1.8762517128702447,26.004228329809724,0.056993706307415064,NA
Portugal,2014,97.04,4.2432055000537146,-0.278153367467428,230078616299.67526,0.7413914705836788,704,327,1031,29.848866498740556,10401062,4.2432055000537146,18.120805369127517,0.06768539597206516,NA
Portugal,2015,100,3.050288540807908,0.48793862390472,199038523119.63934,1.5897982889385531,851,571,1422,37.92434529582929,10358076,3.050288540807908,20.880681818181817,0.08215811507851459,2.2
Portugal,2016,107.12,7.1200000000000045,0.607397074641719,206305431241.63824,2.004141093604872,1189,850,2039,43.38959212376934,10325452,7.1200000000000045,39.71797884841363,0.11515234393612987,2.8
Portugal,2017,117.02,9.24197162061239,1.36861411643472,220862990767.2286,3.314720782334163,1619,45,1664,-18.391368317802844,10300300,9.24197162061239,36.16484440706476,0.15717988796442822,3.5
Portugal,2018,129.03,10.263202871304056,0.993715683468326,242092894542.88766,2.9462824162085326,2130,85,2215,33.112980769230774,10283822,10.263202871304056,31.562693020382955,0.2071214379245382,4.8
Portugal,2019,141.88,9.958924281174916,0.338178410046034,240115970063.01923,2.745684716195541,2375,1057,3432,54.94356659142212,10286263,9.958924281174916,11.502347417840376,0.23089046041307715,5.3
Portugal,2020,154.33,8.775021144629276,-0.0124383299575305,229618773422.5765,-8.20463206255478,2405,1154,3559,3.7004662004662006,10297081,8.775021144629276,1.263157894736842,0.23356133646030366,5.6
Portugal,2021,168.84,9.401930927233842,1.26565719069044,256055879091.13928,5.5587575230543536,2651,2162,4813,35.23461646529924,10361831,9.401930927233842,10.22869022869023,0.25584281388106017,6.2
Portugal,2022,190.17,12.633262260127923,7.83269124233323,256898675068.92706,6.98584193827881,59777,968,60745,1162.1026386868896,10434332,12.633262260127923,2154.8849490758203,5.728876558652725,6.6
Portugal,2023,205.76,8.197928169532526,4.31128191898672,289114289663.54236,2.5262811080676357,62807,1267,64074,5.480286443328669,10578174,8.197928169532526,5.068839185639962,5.937414151062367,6.7
Romania,2010,119.54,-7.534034653465342,6.09141668601891,170064350671.8273,-3.905811573029723,1019,372,1391,-4.464285714285714,20246871,-41.90318818040435,-98.37756937920933,0.05032876438043192,NA
Romania,2011,104.83,-12.305504433662378,5.7892532881588,192623977894.17334,4.495589099463132,1003,751,1754,26.096333572969087,20147528,-12.305504433662378,-1.5701668302257115,0.04978278228475473,NA
Romania,2012,99.51,-5.074883144138122,3.33492267693442,179117323107.08725,1.9036169679960295,1263,21,1284,-26.795895096921324,20058035,-5.074883144138122,25.922233300099702,0.06296728468167494,NA
Romania,2013,99.26,-0.2512310320570797,3.9847123554813,189798603751.23538,0.27877187747023413,1747,121,1868,45.482866043613704,19983693,-0.2512310320570797,38.32145684877276,0.08742127893978356,NA
Romania,2014,97.22,-2.055208543219833,1.06830987684298,199722319675.74106,4.116001092678317,2171,325,2496,33.61884368308351,19908979,-2.055208543219833,24.270177447052088,0.10904627505006662,NA
Romania,2015,100,2.859493931289859,-0.594156437495203,177885131240.31528,3.157036054385401,2581,408,2989,19.751602564102562,19815616,2.859493931289859,18.88530631045601,0.1302508082514316,8
Romania,2016,105.95,5.950000000000003,-1.54479666813897,185290759248.84393,2.8599325230208876,2880,72,2952,-1.2378721980595517,19702267,5.950000000000003,11.584657109647424,0.14617607202257488,9
Romania,2017,112.36,6.050023596035863,1.3390212110439,210147385855.41934,8.195478266412607,3911,1514,5425,83.77371273712737,19588715,6.050023596035863,35.798611111111114,0.19965577119275052,9.8
Romania,2018,118.62,5.571377714489147,4.62548443137779,243468683030.3401,6.120930007146001,4134,1476,5610,3.410138248847926,19473970,5.571377714489147,5.7018665302991565,0.2122833710845811,10.8
Romania,2019,122.69,3.43112459956162,3.82785432599438,251677082534.49512,3.9232638496349352,3860,916,4776,-14.866310160427807,19371648,3.43112459956162,-6.627963231736817,0.19926027976556254,11.1
Romania,2020,128.44,4.686608525552205,2.63107311184743,252033792712.14456,-3.67438440910189,3581,2242,5823,21.92211055276382,19265250,4.686608525552205,-7.227979274611399,0.1858787194560154,10.5
Romania,2021,134.09,4.398941139831833,5.05232876096582,286578196368.29675,5.545709625905104,4200,1504,5704,-2.04362012708226,19122059,4.398941139831833,17.285674392627758,0.21964161913735336,12.1
Romania,2022,143.7,7.166828249683037,13.7954887432521,296354358293.4749,3.965307663117173,105621,1172,106793,1772.2475455820477,19048502,7.166828249683037,2414.785714285714,5.544845468688298,11.4
Romania,2023,148.43,3.29157967988867,10.3971874764996,350775856415.1892,2.404271779128095,87487,1068,88555,-17.077898364124987,19059479,3.29157967988867,-17.16893420815936,4.590209417581666,8.7
Slovenia,2010,117.21,0.12813941568425719,1.80117022137134,47793117240.90009,1.1121374155134873,315,112,427,18.94150417827298,2048583,-21.033483797076073,-99.63994650633808,0.1537648218305043,NA
Slovenia,2011,120.39,2.7130790888149536,1.8028517194191,51199194599.30944,0.6554399117825369,134,93,227,-46.8384074941452,2052843,2.7130790888149536,-57.460317460317455,0.06527532792327519,NA
Slovenia,2012,112.09,-6.8942603206246345,2.59741386039003,46167053954.33673,-2.9155386026986037,169,93,262,15.418502202643172,2057159,-6.8942603206246345,26.119402985074625,0.08215213311173322,NA
Slovenia,2013,106.21,-5.245784637344999,1.76920085881907,47867056858.88915,-0.8237772383204884,202,5,207,-20.99236641221374,2059953,-5.245784637344999,19.526627218934912,0.09806048972962005,NA
Slovenia,2014,99.2,-6.600131814330093,0.19934382657075,49514466379.605705,2.7628316431637074,251,61,312,50.72463768115942,2061980,-6.600131814330093,24.257425742574256,0.12172765982211273,NA
Slovenia,2015,100,0.8064516129032229,-0.525552285820877,42709468274.81365,2.393308724360736,284,92,376,20.51282051282051,2063531,0.8064516129032229,13.147410358565736,0.1376281722930259,0.6
Slovenia,2016,103.25,3.25,-0.054999541670474,44290685824.0682,3.0344139541518445,454,309,763,102.92553191489363,2065042,3.25,59.859154929577464,0.21985025001912795,0.6
Slovenia,2017,111.79,8.271186440677972,1.42910743319306,48153200134.66126,5.174404539564435,611,264,875,14.678899082568808,2066388,8.271186440677972,34.58149779735683,0.2956850310783841,0.7
Slovenia,2018,121.55,8.730655693711414,1.7386086198818,53689067639.91761,4.379081716129221,746,245,991,13.257142857142856,2073894,8.730655693711414,22.0949263502455,0.3597098019474476,0.8
Slovenia,2019,129.69,6.696832579185521,1.63052260754344,53909922735.54501,3.505251668401627,741,308,1049,5.852674066599395,2088385,6.696832579185521,-0.6702412868632708,0.35481963335304556,0.7
Slovenia,2020,135.66,4.603284755956511,-0.05485681576061,53384760135.15813,-4.0849981529781445,823,277,1100,4.861773117254528,2102419,4.603284755956511,11.06612685560054,0.39145384435738073,0.8
Slovenia,2021,151.32,11.543564794338785,1.91706506089259,61529280461.09203,8.389650320944611,839,572,1411,28.272727272727273,2108079,11.543564794338785,1.9441069258809234,0.3979926748475745,0.9
Slovenia,2022,173.65,14.756806767116053,8.83369886749452,59927702746.28428,2.6992375568737543,8705,495,9200,552.0198440822112,2112076,14.756806767116053,937.544696066746,4.121537293165587,1.1
Slovenia,2023,186.22,7.238698531528934,7.44687717385838,69148468417.32083,2.112591843189989,10525,1143,11668,26.82608695652174,2120461,7.238698531528934,20.907524411257896,4.963543304970004,1
Slovakia,2010,97.06,-3.729418766117825,0.957018132975143,91112160800.76685,6.7905821401505335,451,267,718,12.012480499219969,5391428,-47.87885296960584,-95.71496437054631,0.08365130722324401,NA
Slovakia,2011,95.6,-1.5042241912219327,3.9192859914629,99705104723.43405,2.5624245585508874,535,185,720,0.2785515320334262,5398384,-1.5042241912219327,18.625277161862527,0.09910373178343741,NA
Slovakia,2012,92.94,-2.7824267782426744,3.6061026352289,94724394278.05197,1.5691711562839856,650,194,844,17.22222222222222,5407579,-2.7824267782426744,21.49532710280374,0.12020166510743532,NA
Slovakia,2013,93.69,0.8069722401549387,1.40047368963025,99134277850.34184,0.7033236347383252,691,200,891,5.568720379146919,5413393,0.8069722401549387,6.3076923076923075,0.12764637631149264,NA
Slovakia,2014,94.96,1.355534208560141,-0.0761653295419871,101713075598.86238,2.7079506235519375,791,220,1011,13.468013468013467,5418649,1.355534208560141,14.47178002894356,0.14597734601373882,NA
Slovakia,2015,100,5.307497893850049,-0.325219777427673,89178548717.33238,5.176879510370895,816,173,989,-2.1760633036597428,5423801,5.307497893850049,3.16055625790139,0.15044799763118152,2
Slovakia,2016,106.67,6.670000000000003,-0.520010196278266,90347173228.63564,1.9478190258231223,980,38,1018,2.932254802831143,5430798,6.670000000000003,20.098039215686274,0.18045230185324515,2.3
Slovakia,2017,112.91,5.849817193212707,1.31194588223228,95978130734.97664,2.874732255388963,912,26,938,-7.858546168958743,5439232,5.849817193212707,-6.938775510204081,0.16767072998540972,2.2
Slovakia,2018,121.32,7.448410238242846,2.51403712883812,106611673364.83679,4.062120369830183,938,17,955,1.812366737739872,5446771,7.448410238242846,2.850877192982456,0.17221212347645973,2.4
Slovakia,2019,132.4,9.13287174414772,2.66456133425431,105843498304.09395,2.2758991816033642,965,5,970,1.5706806282722512,5454147,9.13287174414772,2.878464818763326,0.17692959137331649,2.4
Slovakia,2020,145.02,9.531722054380667,1.93694126694223,107732602896.44077,-2.585512529131904,1006,44,1050,8.24742268041237,5458827,9.531722054380667,4.248704663212435,0.18428867593715645,2.2
Slovakia,2021,154.27,6.378430561301888,3.14960629921268,120592216208.38567,5.726988540118924,1046,43,1089,3.7142857142857144,5447247,6.378430561301888,3.9761431411530817,0.19202360384979789,2.6
Slovakia,2022,175.41,13.703247552991499,12.7741463637611,115928615553.28644,0.4496738750815723,96563,104,96667,8776.675849403122,5431752,13.703247552991499,9131.644359464628,17.777505305838705,2.3
Slovakia,2023,175.08,-0.18813066529843459,10.5319476645211,132908336234.29451,1.3783372720944413,126866,92,126958,31.335409188244178,5426740,-0.18813066529843459,31.38158507917111,23.37793961015269,2
Finland,2010,93.88,6.307326463594149,1.18413523154646,249429613683.3338,3.1682877232525755,8721,2075,10796,-3.7017215235037018,5363352,-46.378798263650914,-93.12581779200102,1.626035359976373,NA
Finland,2011,96.87,3.1849169152109176,3.41680754255211,275126915515.56476,2.3903947262183607,9170,2262,11432,5.8910707669507225,5388272,3.1849169152109176,5.148492145396171,1.7018443018466773,NA
Finland,2012,99.21,2.4156085475379263,2.80833622561574,257443384492.9688,-1.5228402849933218,9910,1867,11777,3.0178446466060183,5413971,2.4156085475379263,8.069792802617231,1.830449405805831,NA
Finland,2013,100.35,1.1490777139401276,1.4782861568881,270268036626.27527,-0.9797410280686307,11242,1504,12746,8.22790184257451,5438972,1.1490777139401276,13.440968718466195,2.066934707514582,NA
Finland,2014,100,-0.34877927254608304,1.04119621178439,273478528954.901,-0.47806831857901955,11783,1734,13517,6.04895653538365,5461512,-0.34877927254608304,4.812310976694539,2.157461157276593,NA
Finland,2015,100,0,-0.207928839905268,233210733506.24988,0.46650351789539,12692,24340,37032,173.9661167418806,5479531,0,7.714503946363404,2.3162566285326243,3.1
Finland,2016,101.29,1.2900000000000063,0.356684500891695,238777818792.60757,2.571934231559723,18402,5559,23961,-35.296500324044075,5495303,1.2900000000000063,44.988969429561934,3.3486779527898642,3.5
Finland,2017,102.39,1.0859907197156622,0.754015047084346,253846138440.00043,3.3033701611332162,20793,3101,23894,-0.2796210508743375,5508214,1.0859907197156622,12.99315291816107,3.774907801330885,4.1
Finland,2018,103.34,0.9278249829084898,1.08382098409305,273869255596.07825,1.192977729885044,22287,3264,25551,6.934795346111995,5515525,0.9278249829084898,7.185110373683451,4.040775810099673,3.7
Finland,2019,103.77,0.41610218695567314,1.02409392963431,267014821129.41135,1.3497384382612267,23458,8308,31766,24.323901217173496,5521606,0.41610218695567314,5.254184053484094,4.248401642565588,3.4
Finland,2020,105.6,1.7635154668979458,0.290554555653239,270000311606.22644,-2.491036209772389,23428,6316,29744,-6.3652962286721655,5529543,1.7635154668979458,-0.12788814050643704,4.236878165157591,3.6
Finland,2021,110.45,4.592803030303038,2.19457432340007,294223210496.1193,2.7347134858954263,24078,2408,26486,-10.95346960731576,5541017,4.592803030303038,2.774457913607649,4.345411681646167,4
Finland,2022,111.75,1.1770031688546827,7.12350773301402,280241515774.3201,1.4500480727209037,69553,6046,75599,185.43003851091143,5556106,1.1770031688546827,188.86535426530443,12.518299686867024,3.3
Finland,2023,105.41,-5.673378076062643,6.25064322154763,295532341254.90717,-1.1639628152219785,89869,7410,97279,28.677628010952528,5583911,-5.673378076062643,29.209379897344473,16.094275141562964,2
Sweden,2010,73.97,7.875164065918049,1.15798802715628,492753255885.71826,5.750735843227247,82620,18606,101226,0.9453718662119309,9378126,-29.826392182904847,-8.066185225161068,8.809862439468183,NA
Sweden,2011,75.87,2.5686088954981825,2.9611507382214,570541353128.7235,3.163910481452035,86603,18106,104709,3.4408156007349895,9449213,2.5686088954981825,4.820866618252239,9.16510189790409,NA
Sweden,2012,76.83,1.2653222617635347,0.888377506923638,549742183874.3553,-0.41446572107088286,92869,22830,115699,10.495754901679893,9519374,1.2653222617635347,7.235315173839243,9.755788563407636,NA
Sweden,2013,80.79,5.1542366263178545,-0.0442929701485858,584128116410.29,1.1377164979708567,114172,27705,141877,22.62595182326554,9600379,5.1542366263178545,22.93876320408317,11.892447162763053,NA
Sweden,2014,88.4,9.419482609233814,-0.179638494114635,577730245154.1624,2.2957638087283954,142197,56748,198945,40.22357394080788,9696110,9.419482609233814,24.54629856707424,14.665365801336824,NA
Sweden,2015,100,13.12217194570135,-0.0467847449832812,501698263620.6632,4.410140675793414,169516,157017,326533,64.13229787127095,9799186,13.12217194570135,19.212079017138194,17.2989878955252,6.5
Sweden,2016,108.24,8.239999999999995,0.984269244577992,514218206628.3252,2.3497408043253927,230158,83040,313198,-4.083813887110951,9923085,8.239999999999995,35.77361429009651,23.19419817526505,7.9
Sweden,2017,115.43,6.642645971914275,1.79449904665589,536083940228.68365,1.8251560149471686,240954,51588,292542,-6.595188985881135,10057698,6.642645971914275,4.690690742880978,23.95717190951647,8.4
Sweden,2018,114.35,-0.9356319847526747,1.95353530127028,551312498430.1636,1.9029645884077269,248210,37892,286102,-2.20139330420931,10175214,-0.9356319847526747,3.0113631647534387,24.393590149553614,7
Sweden,2019,117.19,2.4836029733275065,1.78415097403835,532169294165.9397,2.5496478525304838,253787,28006,281793,-1.5061062138677814,10278887,2.4836029733275065,2.246887716046896,24.690124524182433,6.3
Sweden,2020,122.11,4.198310436044032,0.497367318853572,545147614972.1406,-2.005337503537632,248372,18603,266975,-5.258469869727069,10353442,4.198310436044032,-2.1336790300527606,23.989316789527578,7.4
Sweden,2021,134.46,10.113831791008113,2.16319736447153,637186904843.6361,5.937508573074396,240854,13954,254808,-4.557355557636482,10415811,10.113831791008113,-3.0269112460341745,23.123883488285262,9
Sweden,2022,139.25,3.56239773910456,8.36929098869189,579895717343.956,1.459288507572694,277726,14469,292195,14.672616244387932,10486941,3.56239773910456,15.308859308958954,26.48303256402415,7.1
Sweden,2023,131.93,-5.256732495511665,8.54862489748902,584960475767.3202,-0.31067018472589325,237632,11271,248903,-14.816133061825152,10536632,-5.256732495511665,-14.43653096937269,22.55293721940749,3.5
Iceland,2010,72.02,-3.0425417339795437,5.39673113167477,13751161917.739773,-2.8327749154085495,72,25,97,53.96825396825397,318041,-45.41044493291898,-99.9697010503636,0.22638590621963833,NA
Iceland,2011,75.36,4.637600666481538,4.0010266434312,15221622925.931889,1.8457791562421733,55,56,111,14.432989690721648,319014,4.637600666481538,-23.61111111111111,0.17240622668597616,NA
Iceland,2012,80.57,6.913481953290862,5.18589988750698,14751508133.544277,1.0636366074376298,55,87,142,27.927927927927925,320716,6.913481953290862,0,0.17149128824255727,NA
Iceland,2013,85.21,5.758967357577263,3.87227923748249,16125060515.31174,4.55246032015107,72,267,339,138.73239436619718,323764,5.758967357577263,30.909090909090907,0.2223842057795184,NA
Iceland,2014,92.39,8.426241051519783,2.04461481539333,17867662177.89113,1.6872150175064178,93,210,303,-10.619469026548673,327386,8.426241051519783,29.166666666666668,0.2840683474552974,NA
Iceland,2015,100,8.23682216690118,1.63305558181326,17517210519.091156,4.436663719371722,170,159,329,8.58085808580858,330815,8.23682216690118,82.79569892473118,0.5138823813914122,NA
Iceland,2016,109.77,9.769999999999996,1.69692761997751,20793168030.952427,6.303687106501755,245,324,569,72.94832826747721,335439,9.769999999999996,44.11764705882353,0.7303861506861158,NA
Iceland,2017,131.2,19.522638243600248,1.76041559180596,24728285177.460316,4.194948829083756,361,327,688,20.913884007029875,343400,19.522638243600248,47.3469387755102,1.0512521840419335,NA
Iceland,2018,142.01,8.239329268292686,2.68291768267392,26260850582.06868,4.889172994865447,549,437,986,43.31395348837209,352721,8.239329268292686,52.07756232686981,1.5564709784787412,NA
Iceland,2019,148.29,4.422223787057251,3.01397179156053,24681343649.29519,1.8611779429387383,894,365,1259,27.687626774847867,360563,4.422223787057251,62.841530054644814,2.479455740050976,NA
Iceland,2020,157.79,6.406365904646301,2.84792401518665,21629953194.065945,-6.940453094890344,1460,181,1641,30.341540905480542,366463,6.406365904646301,63.31096196868009,3.9840311300185833,NA
Iceland,2021,177.57,12.535648646935801,4.44423970189739,25825287184.381817,5.254209753178543,1830,306,2136,30.16453382084095,372520,12.535648646935801,25.34246575342466,4.912487920111672,NA
Iceland,2022,214.84,20.988905783634628,8.3087551155892,28770206626.556374,8.992507612691497,5240,981,6221,191.24531835205994,382003,20.988905783634628,186.33879781420765,13.717169760446907,NA
Iceland,2023,231.57,7.787190467324516,8.73630299937298,31325116556.38074,5.03717943960838,8715,2850,11565,85.90258800835878,393349,7.787190467324516,66.31679389312977,22.155897180366544,NA
Norway,2010,75.77,8.258322617516791,2.41890639481001,431052143940.4382,0.7870518454954407,40245,12443,52688,-3.195105370496261,4889252,-67.27987217687956,361.7900172117039,8.231320455562527,NA
Norway,2011,81.95,8.156262372970842,1.28495158809152,501360549669.4038,1.1056560273372753,40671,11114,51785,-1.713862739143638,4953088,8.156262372970842,1.0585165859112935,8.211241148955965,NA
Norway,2012,87.48,6.748017083587554,0.696864111498362,512777309840.997,2.717959266789819,42805,9317,52122,0.6507675967944385,5018573,6.748017083587554,5.246981878980109,8.529316999075235,NA
Norway,2013,91.24,4.298125285779596,2.12048620353112,526014468085.1064,1.0161908240927175,46088,6311,52399,0.5314454548942865,5079623,4.298125285779596,7.669664758789861,9.073114284268733,NA
Norway,2014,93.74,2.740026304252521,2.04170286707211,501736471832.84814,2.0481319985508435,47025,7148,54173,3.3855607931449074,5137232,2.740026304252521,2.033067175837528,9.153762181657358,NA
Norway,2015,100,6.678045658203548,2.17113665389527,388159512245.53046,1.8573397264330254,50377,25274,75651,39.64705665183763,5188607,6.678045658203548,7.1281233386496545,9.709157004953353,4.7
Norway,2016,107.88,7.8799999999999955,3.54999999999998,370956547619.0476,1.1647242349728515,59512,7505,67017,-11.412935717968036,5234519,7.8799999999999955,18.133275105703,11.369143946177289,5.2
Norway,2017,113.75,5.441230997404528,1.87510059552554,401745275035.26074,2.4637462851014647,59230,2952,62182,-7.214587343509855,5276968,5.441230997404528,-0.47385401263610705,11.224248469954716,5.3
Norway,2018,115.53,1.564835164835166,2.76483134528788,439788625883.79956,0.828900664137592,57004,2246,59250,-4.715190891254704,5311916,1.564835164835166,-3.758230626371771,10.731344396259278,4.7
Norway,2019,120.18,4.024928589976634,2.16773003305402,408742840909.0909,1.123777874367974,53882,1507,55389,-6.516455696202532,5347896,4.024928589976634,-5.476808645007368,10.075364218002743,4.6
Norway,2020,126.11,4.934265268763515,1.28658490708005,367633418886.62726,-1.2781717845225984,49653,1083,50736,-8.400584953691165,5379475,4.934265268763515,-7.848632196280763,9.230082861245753,4.4
Norway,2021,137.66,9.158671001506619,3.48388055266678,503367986030.26776,3.9086867768941715,46042,1268,47310,-6.752601702932829,5408320,9.158671001506619,-7.272470948381769,8.51317969350926,4.8
Norway,2022,145.71,5.84774081069302,5.76412317852272,593726965415.6191,3.005635160762978,75311,3313,78624,66.18896639188333,5457127,5.84774081069302,63.57021849615568,13.800485127064112,4.4
Norway,2023,147.63,1.317685814288647,5.51784987104659,485310823603.662,0.4796472460118224,103606,4967,108573,38.091422466422465,5519594,1.317685814288647,37.57087278086866,18.770583488568178,3.1
Turkiye,2010,NA,NA,8.56644420552976,776967266305.5303,8.427104322761906,10025,6699,16724,2.5508952661270543,73142150,NA,-90.3239194641237,0.13706187198489517,NA
Turkiye,2011,NA,NA,6.471879671151,838785289694.35,11.200110583350352,14457,10936,25393,51.83568524276488,74223629,NA,44.20947630922693,0.1947762484100582,NA
Turkiye,2012,NA,NA,8.89156996512163,880555885492.2687,4.788492711080082,267063,23785,290848,1045.3865238451542,75175827,NA,1747.291969288234,3.5525116338261236,NA
Turkiye,2013,NA,NA,7.49309030547693,957799120008.3204,8.48581699653026,609931,52448,662379,127.74060677742325,76147624,NA,128.38468825707793,8.009849394644277,NA
Turkiye,2014,NA,NA,8.85457271364324,938934609296.9657,4.939715161365797,1587365,106357,1693722,155.70285289841615,77181884,NA,160.25320896953917,20.566549010386943,NA
Turkiye,2015,NA,NA,7.67085364845877,864313810469.0094,6.0844869044366305,2541348,212368,2753716,62.58370618082543,78218479,NA,60.09852806380385,32.49037864824756,NA
Turkiye,2016,NA,NA,7.7751341532833,869682881593.0414,3.323084208457459,2869419,245926,3115345,13.132400000581033,79277962,NA,12.909330009113273,36.19440923569655,NA
Turkiye,2017,NA,NA,11.1443110840765,858988492853.742,7.5019974891749115,3480350,308838,3789188,21.62980344071042,80312698,NA,21.29110457552557,43.33499043949439,NA
Turkiye,2018,NA,NA,16.3324638988928,778972108040.6018,3.0131703931214986,3681688,311699,3993387,5.388990992265361,81407204,NA,5.784992888646257,45.2255797902112,NA
Turkiye,2019,NA,NA,15.1768215720022,761005915750.9254,0.8185145267266734,3579531,328257,3907788,-2.1435187724104874,82579440,NA,-2.7747326769677385,43.346515791339826,NA
Turkiye,2020,NA,NA,12.2789574462574,720338490327.2477,1.8598730397646221,3652362,322188,3974550,1.7084345414848503,83384680,NA,2.0346520256424654,43.8013553568833,NA
Turkiye,2021,NA,NA,19.5964926913324,819865223976.115,11.439395692656575,3759817,304970,4064787,2.2703702305921425,84147318,NA,2.942068721556078,44.681364651455674,NA
Turkiye,2022,NA,NA,72.3088359891207,907118434653.5048,5.53342787492781,3568259,272336,3840595,-5.515467354131963,84979913,NA,-5.094875628255311,41.9894404928374,NA
Turkiye,2023,NA,NA,53.8594087593315,1118252964260.773,5.1111681848870205,3251127,222069,3473196,-9.566200028901772,85325965,NA,-8.887583552651307,38.102434587174024,NA
