Country_asylum,Year,TotalRefugees,Totalasylum,Totaldisplaced,Displacedgrowth
Armenia,2007,4564,97,4661,-29.293082524271846
Armenia,2008,3952,170,4122,-11.564042051062003
Armenia,2009,3605,38,3643,-11.620572537603104
Armenia,2010,3292,14,3306,-9.25061762283832
Armenia,2011,2913,17,2930,-11.373260738052027
Armenia,2012,2849,378,3227,10.136518771331058
Armenia,2013,13727,70,13797,327.5488069414317
Armenia,2014,17635,57,17692,28.23077480611727
Armenia,2015,19314,51,19365,9.456251413068054
Armenia,2016,17883,73,17956,-7.276013426284534
Armenia,2017,17968,62,18030,0.4121185119180218
Armenia,2018,17966,105,18071,0.2273987798114254
Armenia,2019,17980,158,18138,0.37075978086436834
Armenia,2020,107910,136,108046,495.6886095490131
Armenia,2021,34728,181,34909,-67.69061325731633
Armenia,2022,34634,580,35214,0.8737001919275832
Armenia,2023,150080,615,150695,327.94059181007555
Armenia,2024,148024,813,148837,-1.2329539798931617
Austria,2007,30767,38424,69191,-53.51223150157555
Austria,2008,37546,36687,74233,7.287074908586377
Austria,2009,38895,32133,71028,-4.31748683200194
Austria,2010,42613,25602,68215,-3.9604099791631473
Austria,2011,47055,24464,71519,4.843509492047204
Austria,2012,51707,22418,74125,3.643786965701422
Austria,2013,55575,22731,78306,5.6404721753794265
Austria,2014,60724,22745,83469,6.593364493142288
Austria,2015,72198,80060,152258,82.41263223472187
Austria,2016,93242,76382,169624,11.405640426118826
Austria,2017,115252,56279,171531,1.1242512851954913
Austria,2018,128779,37347,166126,-3.1510339238971383
Austria,2019,135951,26696,162647,-2.094193563921361
Austria,2020,141816,20710,162526,-0.07439424028724785
Austria,2021,152514,27847,180361,10.973628834771052
Austria,2022,258613,53087,311700,72.82006642234185
Austria,2023,257811,38039,295850,-5.085017645171639
Austria,2024,266205,32257,298462,0.8828798377556193
Belarus,2007,643,10,653,-92.14294308747442
Belarus,2008,602,54,656,0.45941807044410415
Belarus,2009,578,84,662,0.9146341463414633
Belarus,2010,587,62,649,-1.9637462235649545
Belarus,2011,594,46,640,-1.386748844375963
Belarus,2012,572,56,628,-1.875
Belarus,2013,599,84,683,8.75796178343949
Belarus,2014,919,254,1173,71.74231332357247
Belarus,2015,1805,273,2078,77.15260017050298
Belarus,2016,1647,228,1875,-9.76900866217517
Belarus,2017,2155,273,2428,29.493333333333332
Belarus,2018,2225,184,2409,-0.7825370675453047
Belarus,2019,2725,131,2856,18.55541718555417
Belarus,2020,2900,143,3043,6.547619047619048
Belarus,2021,2729,114,2843,-6.572461386789352
Belarus,2022,19715,639,20354,615.9338726697151
Belarus,2023,39981,405,40386,98.41800137565097
Belarus,2024,48484,672,49156,21.715445946615162
Belgium,2007,17578,15247,32825,-33.22280087883473
Belgium,2008,17025,14261,31286,-4.688499619192688
Belgium,2009,15536,18233,33769,7.936457201304098
Belgium,2010,17891,18288,36179,7.136723029997927
Belgium,2011,22396,19006,41402,14.436551590701788
Belgium,2012,22023,15023,37046,-10.521230858412638
Belgium,2013,25617,11479,37096,0.13496733790422719
Belgium,2014,29170,9943,39113,5.437243907698943
Belgium,2015,35302,35996,71298,82.28721908316928
Belgium,2016,42158,24098,66256,-7.071727117170187
Belgium,2017,42158,18760,60918,-8.056628833615068
Belgium,2018,42158,19550,61708,1.2968252404872123
Belgium,2019,61662,10862,72524,17.527711155765864
Belgium,2020,64973,29305,94278,29.99558766753075
Belgium,2021,74063,28955,103018,9.270455461507456
Belgium,2022,150713,41810,192523,86.88287483740706
Belgium,2023,167831,44600,212431,10.340582683627412
Belgium,2024,172442,49519,221961,4.486162565727224
Bulgaria,2007,4808,1002,5810,913.9616055846423
Bulgaria,2008,5108,1060,6168,6.161790017211704
Bulgaria,2009,5375,1175,6550,6.19325551232166
Bulgaria,2010,5519,1392,6911,5.511450381679389
Bulgaria,2011,5676,1381,7057,2.11257415714079
Bulgaria,2012,2273,1270,3543,-49.79453025364886
Bulgaria,2013,4305,4539,8844,149.618966977138
Bulgaria,2014,11026,6735,17761,100.8254183627318
Bulgaria,2015,16543,9488,26031,46.562693542030296
Bulgaria,2016,17794,16030,33824,29.937382351811305
Bulgaria,2017,19166,2712,21878,-35.318117313150424
Bulgaria,2018,19906,1560,21466,-1.883170308072036
Bulgaria,2019,20438,1054,21492,0.12112177396813567
Bulgaria,2020,21113,1938,23051,7.253861902103107
Bulgaria,2021,22830,7547,30377,31.781701444622794
Bulgaria,2022,176297,11165,187462,517.1182144385555
Bulgaria,2023,97618,11941,109559,-41.55668882226798
Bulgaria,2024,94545,4166,98711,-9.901514252594493
Croatia,2007,1641,46,1687,-98.29097061117808
Croatia,2008,1591,52,1643,-2.6081802015411975
Croatia,2009,1240,26,1266,-22.94583079732197
Croatia,2010,933,64,997,-21.248025276461295
Croatia,2011,818,219,1037,4.012036108324975
Croatia,2012,722,329,1051,1.3500482160077145
Croatia,2013,679,189,868,-17.411988582302566
Croatia,2014,724,87,811,-6.566820276497695
Croatia,2015,517,30,547,-32.552404438964246
Croatia,2016,300,529,829,51.553930530164536
Croatia,2017,508,406,914,10.253317249698432
Croatia,2018,787,198,985,7.768052516411379
Croatia,2019,916,454,1370,39.08629441624365
Croatia,2020,956,567,1523,11.167883211678832
Croatia,2021,1020,562,1582,3.8739330269205516
Croatia,2022,20638,1200,21838,1280.4045512010114
Croatia,2023,25029,1597,26626,21.925084714717467
Croatia,2024,26821,906,27727,4.135055960339518
Cyprus,2007,1194,11879,13073,-52.85101164929491
Cyprus,2008,1458,8003,9461,-27.62946531018129
Cyprus,2009,2888,5003,7891,-16.594440334002748
Cyprus,2010,3397,5385,8782,11.291344569763021
Cyprus,2011,3498,3042,6540,-25.529492143019812
Cyprus,2012,3627,2624,6251,-4.418960244648318
Cyprus,2013,3879,2629,6508,4.1113421852503595
Cyprus,2014,5120,2436,7556,16.103257529194835
Cyprus,2015,7062,2210,9272,22.710428798305983
Cyprus,2016,8478,3049,11527,24.320534943917167
Cyprus,2017,9790,5216,15006,30.181313438015096
Cyprus,2018,11002,10267,21269,41.73663867786219
Cyprus,2019,12311,18799,31110,46.26921811086558
Cyprus,2020,13997,20483,34480,10.832529733204757
Cyprus,2021,16277,25336,41613,20.687354988399072
Cyprus,2022,29280,36497,65777,58.06839208901064
Cyprus,2023,39044,31664,70708,7.496541344238867
Cyprus,2024,43449,29541,72990,3.227357583300334
Czechia,2007,2015,2180,4195,-94.25263734758185
Czechia,2008,2095,1422,3517,-16.162097735399286
Czechia,2009,2299,1235,3534,0.48336650554449817
Czechia,2010,2424,1031,3455,-2.2354272778720996
Czechia,2011,2424,909,3333,-3.5311143270622285
Czechia,2012,2780,566,3346,0.39003900390039004
Czechia,2013,2966,292,3258,-2.630005977286312
Czechia,2014,3129,459,3588,10.128913443830571
Czechia,2015,3640,654,4294,19.67670011148272
Czechia,2016,3640,769,4409,2.6781555659059153
Czechia,2017,3640,799,4439,0.6804264005443411
Czechia,2018,2186,1910,4096,-7.726965532777652
Czechia,2019,2054,1632,3686,-10.009765625
Czechia,2020,1919,1537,3456,-6.239826370048833
Czechia,2021,1909,1073,2982,-13.715277777777779
Czechia,2022,435212,986,436198,14527.699530516433
Czechia,2023,377120,1239,378359,-13.259804033947887
Czechia,2024,361546,1053,362599,-4.1653561828845085
Denmark,2007,26779,537,27316,-92.4666091191647
Denmark,2008,23385,485,23870,-12.615317030311903
Denmark,2009,20340,1146,21486,-9.987431922915794
Denmark,2010,17907,3334,21241,-1.1402773899283254
Denmark,2011,13386,1415,14801,-30.318723223953675
Denmark,2012,11797,1539,13336,-9.897979866225254
Denmark,2013,13153,1605,14758,10.662867426514696
Denmark,2014,17767,4268,22035,49.308849437593175
Denmark,2015,27312,2931,30243,37.2498298162015
Denmark,2016,33501,7001,40502,33.92189928247859
Denmark,2017,35668,4229,39897,-1.4937533948940793
Denmark,2018,36623,2675,39298,-1.5013660174950498
Denmark,2019,37533,1422,38955,-0.8728179551122194
Denmark,2020,36643,1331,37974,-2.5182903350019252
Denmark,2021,36023,1519,37542,-1.137620477168589
Denmark,2022,67772,2776,70548,87.9175323637526
Denmark,2023,68912,2356,71268,1.0205817315870047
Denmark,2024,64388,2319,66707,-6.399786720547791
Estonia,2007,6,5,11,-99.98350997646423
Estonia,2008,16,5,21,90.9090909090909
Estonia,2009,16,19,35,66.66666666666666
Estonia,2010,31,5,36,2.857142857142857
Estonia,2011,34,5,39,8.333333333333332
Estonia,2012,48,0,48,23.076923076923077
Estonia,2013,52,15,67,39.58333333333333
Estonia,2014,82,84,166,147.76119402985074
Estonia,2015,158,73,231,39.1566265060241
Estonia,2016,312,43,355,53.67965367965368
Estonia,2017,405,36,441,24.225352112676056
Estonia,2018,319,30,349,-20.861678004535147
Estonia,2019,331,33,364,4.297994269340974
Estonia,2020,277,5,282,-22.52747252747253
Estonia,2021,321,15,336,19.148936170212767
Estonia,2022,40806,631,41437,12232.440476190475
Estonia,2023,42005,346,42351,2.205758138861404
Estonia,2024,40442,158,40600,-4.134495053245496
Finland,2007,6201,712,6913,-82.97290640394088
Finland,2008,6621,2736,9357,35.35368146969478
Finland,2009,7448,3763,11211,19.814042962487978
Finland,2010,8721,2075,10796,-3.7017215235037018
Finland,2011,9170,2262,11432,5.8910707669507225
Finland,2012,9910,1867,11777,3.0178446466060183
Finland,2013,11242,1504,12746,8.22790184257451
Finland,2014,11783,1734,13517,6.04895653538365
Finland,2015,12692,24340,37032,173.9661167418806
Finland,2016,18402,5559,23961,-35.296500324044075
Finland,2017,20793,3101,23894,-0.2796210508743375
Finland,2018,22287,3264,25551,6.934795346111995
Finland,2019,23458,8308,31766,24.323901217173496
Finland,2020,23428,6316,29744,-6.3652962286721655
Finland,2021,24078,2408,26486,-10.95346960731576
Finland,2022,69553,6046,75599,185.43003851091143
Finland,2023,89869,7410,97279,28.677628010952528
Finland,2024,87691,6554,94245,-3.118864297535953
France,2007,151789,32275,184064,95.30372964082974
France,2008,171206,31496,202702,10.125825799721836
France,2009,196364,40517,236881,16.861698453887975
France,2010,200687,48576,249263,5.227097150045804
France,2011,210207,49240,259447,4.085644479926824
France,2012,217865,49885,267750,3.200268262882207
France,2013,232487,51691,284178,6.135574229691876
France,2014,252248,55826,308074,8.408814193920712
France,2015,273117,63043,336160,9.116640807078818
France,2016,304527,62764,367291,9.2607686815802
France,2017,337158,63115,400273,8.979800757437562
France,2018,368345,89055,457400,14.272009353616157
France,2019,407915,102140,510055,11.511805859204198
France,2020,436055,118137,554192,8.653380517787298
France,2021,499914,75708,575622,3.86689089701764
France,2022,612934,75047,687981,19.51958055807457
France,2023,664366,79642,744008,8.14368420058112
France,2024,689273,71169,760442,2.2088472166965945
Georgia,2007,1051,5,1056,-99.8611333934738
Georgia,2008,1001,14,1015,-3.882575757575758
Georgia,2009,872,21,893,-12.019704433497537
Georgia,2010,638,42,680,-23.852183650615903
Georgia,2011,461,36,497,-26.91176470588235
Georgia,2012,468,451,919,84.90945674044266
Georgia,2013,847,325,1172,27.529923830250276
Georgia,2014,858,1240,2098,79.01023890784982
Georgia,2015,1973,720,2693,28.36034318398475
Georgia,2016,2122,305,2427,-9.877460081693279
Georgia,2017,2089,530,2619,7.911001236093942
Georgia,2018,1987,677,2664,1.718213058419244
Georgia,2019,1355,1111,2466,-7.4324324324324325
Georgia,2020,1780,1282,3062,24.168694241686943
Georgia,2021,1818,1229,3047,-0.48987589810581317
Georgia,2022,27839,1030,28869,847.4565146045289
Georgia,2023,26019,1051,27070,-6.231597907790364
Georgia,2024,27925,1128,29053,7.325452530476542
Germany,2007,578866,34014,612880,2009.5239734278732
Germany,2008,582719,33263,615982,0.5061349693251534
Germany,2009,593787,38875,632662,2.707871333902614
Germany,2010,594250,51930,646180,2.1366859397276903
Germany,2011,571672,62654,634326,-1.834473366554211
Germany,2012,589735,85507,675242,6.450311038803392
Germany,2013,187545,135515,323060,-52.15641207152398
Germany,2014,216956,226147,443103,37.158113044016595
Germany,2015,316098,420570,736668,66.25209037176458
Germany,2016,669468,587306,1256774,70.6024966470649
Germany,2017,970357,429265,1399622,11.366244050242925
Germany,2018,1063835,369239,1433074,2.390073891379244
Germany,2019,1146682,309231,1455913,1.5937069544210556
Germany,2020,1210596,243157,1453753,-0.14836051329990185
Germany,2021,1255694,253867,1509561,3.838891476062302
Germany,2022,2075445,261019,2336464,54.77771352068581
Germany,2023,2593007,361493,2954500,26.451766429955693
Germany,2024,2667191,356767,3023958,2.350922321881875
Greece,2007,2228,28448,30676,-98.98556792124758
Greece,2008,2169,38035,40204,31.06011213978355
Greece,2009,1700,48201,49901,24.119490597950453
Greece,2010,1443,55714,57157,14.54079076571612
Greece,2011,1566,43942,45508,-20.38070577532061
Greece,2012,2090,36183,38273,-15.898303594972313
Greece,2013,3468,49800,53268,39.17905573119431
Greece,2014,10292,31898,42190,-20.796725989336938
Greece,2015,24831,26122,50953,20.770324721497985
Greece,2016,46411,39960,86371,69.51111808921948
Greece,2017,38988,44188,83176,-3.6991582822938254
Greece,2018,61446,76057,137503,65.31571607194383
Greece,2019,80454,105684,186138,35.37013737882083
Greece,2020,103101,60873,163974,-11.907294587886406
Greece,2021,119650,37047,156697,-4.43789869125593
Greece,2022,160761,22139,182900,16.722081469332533
Greece,2023,192384,32687,225071,23.056861673045383
Greece,2024,214574,20887,235461,4.616321072017274
Hungary,2007,8124,1559,9683,-95.88764169013128
Hungary,2008,7740,2514,10254,5.896932768770009
Hungary,2009,6041,641,6682,-34.835186268773164
Hungary,2010,5400,354,5754,-13.888057467824005
Hungary,2011,5085,360,5445,-5.370177267987486
Hungary,2012,4034,386,4420,-18.824609733700644
Hungary,2013,2422,1876,4298,-2.760180995475113
Hungary,2014,2854,15664,18518,330.8515588645882
Hungary,2015,4383,36671,41054,121.69780753861107
Hungary,2016,4736,3396,8132,-80.19194231987139
Hungary,2017,5671,666,6337,-22.073290703394
Hungary,2018,6019,120,6139,-3.124506864446899
Hungary,2019,5750,222,5972,-2.72031275452028
Hungary,2020,5838,38,5876,-1.6075016744809107
Hungary,2021,5676,5,5681,-3.3185840707964607
Hungary,2022,35370,20,35390,522.953705333568
Hungary,2023,63180,5,63185,78.53913534896864
Hungary,2024,68459,0,68459,8.346917781118938
Ireland,2007,9318,4364,13682,24.201161946259987
Ireland,2008,9714,4583,14297,4.494956877649466
Ireland,2009,9561,2725,12286,-14.06588794852067
Ireland,2010,9099,5088,14187,15.472895979163276
Ireland,2011,8234,5380,13614,-4.038908860224149
Ireland,2012,6309,5423,11732,-13.824004701043044
Ireland,2013,5991,5464,11455,-2.361063757245142
Ireland,2014,5832,4576,10408,-9.140113487560017
Ireland,2015,6108,4982,11090,6.552651806302843
Ireland,2016,5720,4221,9941,-10.360685302073941
Ireland,2017,6394,5991,12385,24.585051805653354
Ireland,2018,6012,7159,13171,6.346386758175212
Ireland,2019,7795,7853,15648,18.806468757117912
Ireland,2020,9035,7393,16428,4.984662576687116
Ireland,2021,9571,6904,16475,0.28609690771852936
Ireland,2022,81256,15108,96364,484.9104704097117
Ireland,2023,113902,22250,136152,41.28927815366735
Ireland,2024,120835,28552,149387,9.720753275750631
Italy,2007,38061,1500,39561,-73.51777597782939
Italy,2008,47059,0,47059,18.953009276813024
Italy,2009,54962,4365,59327,26.069402239741603
Italy,2010,56402,4070,60472,1.9299812901377116
Italy,2011,58066,13525,71591,18.387022092869426
Italy,2012,64782,14320,79102,10.491542232962244
Italy,2013,76248,13635,89883,13.629238198781321
Italy,2014,93712,45730,139442,55.13723395970317
Italy,2015,118036,60135,178171,27.77427174022174
Italy,2016,147362,99896,247258,38.77567056367198
Italy,2017,167330,186645,353975,43.16018086371321
Italy,2018,189227,105606,294833,-16.707959601666783
Italy,2019,207602,47030,254632,-13.635176523659156
Italy,2020,128033,53901,181934,-28.550221496119892
Italy,2021,144862,51779,196641,8.083700682665143
Italy,2022,296181,79979,376160,91.29276193672735
Italy,2023,298296,146922,445218,18.358677158655894
Italy,2024,306908,180062,486970,9.377877803682692
Latvia,2007,27,11,38,-99.99219664455717
Latvia,2008,27,33,60,57.89473684210527
Latvia,2009,40,54,94,56.666666666666664
Latvia,2010,60,43,103,9.574468085106384
Latvia,2011,88,216,304,195.14563106796118
Latvia,2012,113,171,284,-6.578947368421052
Latvia,2013,149,183,332,16.901408450704224
Latvia,2014,168,235,403,21.385542168674696
Latvia,2015,193,182,375,-6.9478908188585615
Latvia,2016,340,151,491,30.933333333333334
Latvia,2017,653,54,707,43.9918533604888
Latvia,2018,664,45,709,0.2828854314002829
Latvia,2019,665,41,706,-0.4231311706629055
Latvia,2020,637,73,710,0.56657223796034
Latvia,2021,705,209,914,28.732394366197184
Latvia,2022,39055,249,39304,4200.218818380744
Latvia,2023,45761,552,46313,17.832790555668634
Latvia,2024,46615,226,46841,1.140068663226308
Lithuania,2007,688,25,713,-9.517766497461928
Lithuania,2008,749,93,842,18.092566619915846
Lithuania,2009,790,69,859,2.019002375296912
Lithuania,2010,808,67,875,1.8626309662398137
Lithuania,2011,824,73,897,2.5142857142857142
Lithuania,2012,871,70,941,4.9052396878483835
Lithuania,2013,918,74,992,5.419766206163656
Lithuania,2014,1007,139,1146,15.524193548387096
Lithuania,2015,1094,75,1169,2.006980802792321
Lithuania,2016,1284,147,1431,22.412318220701454
Lithuania,2017,1577,249,1826,27.603074772886092
Lithuania,2018,1731,273,2004,9.748083242059145
Lithuania,2019,1822,408,2230,11.27744510978044
Lithuania,2020,1880,122,2002,-10.22421524663677
Lithuania,2021,1880,122,2002,0
Lithuania,2022,67638,491,68129,3303.046953046953
Lithuania,2023,80225,333,80558,18.24333250157789
Lithuania,2024,46861,310,47171,-41.44467340301398
Luxembourg,2007,2737,38,2775,-94.11714824786415
Luxembourg,2008,3109,29,3138,13.08108108108108
Luxembourg,2009,3230,442,3672,17.01720841300191
Luxembourg,2010,3254,660,3914,6.590413943355119
Luxembourg,2011,2855,1694,4549,16.223811957077157
Luxembourg,2012,2910,1239,4149,-8.793141349747197
Luxembourg,2013,901,1003,1904,-54.10942395758014
Luxembourg,2014,1091,1226,2317,21.691176470588236
Luxembourg,2015,1306,2349,3655,57.747086750107904
Luxembourg,2016,2020,2186,4206,15.075239398084817
Luxembourg,2017,2020,1495,3515,-16.428911079410366
Luxembourg,2018,2020,1485,3505,-0.2844950213371266
Luxembourg,2019,2548,1785,4333,23.62339514978602
Luxembourg,2020,5158,1400,6558,51.350103854142624
Luxembourg,2021,6011,1765,7776,18.57273559011894
Luxembourg,2022,11952,2615,14567,87.33281893004116
Luxembourg,2023,13735,3745,17480,19.997254067412644
Luxembourg,2024,10262,3088,13350,-23.627002288329518
Malta,2007,3003,862,3865,-71.04868913857678
Malta,2008,4329,1223,5552,43.64812419146183
Malta,2009,5951,1824,7775,40.039625360230545
Malta,2010,6143,1282,7425,-4.501607717041801
Malta,2011,6948,1448,8396,13.077441077441076
Malta,2012,8242,754,8996,7.146260123868508
Malta,2013,9900,900,10800,20.0533570475767
Malta,2014,6095,176,6271,-41.93518518518518
Malta,2015,7068,574,7642,21.862541859352575
Malta,2016,7941,868,8809,15.270871499607432
Malta,2017,7994,1349,9343,6.0619820637983874
Malta,2018,8579,1860,10439,11.73070748153698
Malta,2019,8908,3681,12589,20.595842513650734
Malta,2020,9168,4047,13215,4.972595122726189
Malta,2021,9335,3674,13009,-1.5588346575860765
Malta,2022,11098,2070,13168,1.2222307633177032
Malta,2023,11724,815,12539,-4.776731470230863
Malta,2024,8732,645,9377,-25.217321955498846
Montenegro,2007,8527,0,8527,50058.82352941176
Montenegro,2008,24739,0,24739,190.12548375747625
Montenegro,2009,24017,7,24024,-2.8901734104046244
Montenegro,2010,16363,5,16368,-31.868131868131865
Montenegro,2011,12871,34,12905,-21.15713587487781
Montenegro,2012,11193,108,11301,-12.429290972491284
Montenegro,2013,8471,189,8660,-23.369613308556765
Montenegro,2014,6455,70,6525,-24.653579676674365
Montenegro,2015,1762,18,1780,-72.72030651340997
Montenegro,2016,970,73,1043,-41.40449438202247
Montenegro,2017,794,173,967,-7.28667305848514
Montenegro,2018,727,162,889,-8.066184074457084
Montenegro,2019,653,484,1137,27.896512935883017
Montenegro,2020,166,193,359,-68.42568161829375
Montenegro,2021,175,132,307,-14.484679665738161
Montenegro,2022,32438,167,32605,10520.521172638437
Montenegro,2023,64733,174,64907,99.07069467873025
Montenegro,2024,22052,155,22207,-65.78643289629778
Netherlands (Kingdom of the),2007,86576,5840,92416,316.15706759130006
Netherlands (Kingdom of the),2008,77589,9743,87332,-5.50121191135734
Netherlands (Kingdom of the),2009,75996,16228,92224,5.601612238354784
Netherlands (Kingdom of the),2010,74948,13034,87982,-4.599670367800139
Netherlands (Kingdom of the),2011,74587,10406,84993,-3.397285808460822
Netherlands (Kingdom of the),2012,71893,10406,82299,-3.1696727965832476
Netherlands (Kingdom of the),2013,74700,0,74700,-9.233405023147306
Netherlands (Kingdom of the),2014,82483,6914,89397,19.674698795180724
Netherlands (Kingdom of the),2015,88518,28030,116548,30.371265254986184
Netherlands (Kingdom of the),2016,101727,10369,112096,-3.8198853691183032
Netherlands (Kingdom of the),2017,103843,5818,109661,-2.172245218384242
Netherlands (Kingdom of the),2018,101824,12303,114127,4.072550861290705
Netherlands (Kingdom of the),2019,94417,15599,110016,-3.60212745450244
Netherlands (Kingdom of the),2020,95897,11882,107779,-2.0333406050029086
Netherlands (Kingdom of the),2021,99585,17106,116691,8.268772209799682
Netherlands (Kingdom of the),2022,237368,31594,268962,130.4907833509011
Netherlands (Kingdom of the),2023,237767,43915,281682,4.729292613826488
Netherlands (Kingdom of the),2024,255455,43201,298656,6.0259441497859285
North Macedonia,2007,1234,166,1400,-99.53123325833066
North Macedonia,2008,1671,95,1766,26.142857142857146
North Macedonia,2009,1541,68,1609,-8.890147225368063
North Macedonia,2010,1397,149,1546,-3.9154754505904292
North Macedonia,2011,1129,384,1513,-2.1345407503234153
North Macedonia,2012,1076,518,1594,5.353602115003304
North Macedonia,2013,980,1091,2071,29.924717691342533
North Macedonia,2014,880,1547,2427,17.189763399323997
North Macedonia,2015,697,15,712,-70.66337041615162
North Macedonia,2016,634,15,649,-8.848314606741573
North Macedonia,2017,414,26,440,-32.20338983050847
North Macedonia,2018,413,5,418,-5
North Macedonia,2019,354,75,429,2.631578947368421
North Macedonia,2020,303,21,324,-24.475524475524477
North Macedonia,2021,292,25,317,-2.1604938271604937
North Macedonia,2022,7065,19,7084,2134.700315457413
North Macedonia,2023,18898,39,18937,167.32072275550536
North Macedonia,2024,19371,41,19412,2.5083170512752813
Norway,2007,34499,6641,41140,111.93076447558212
Norway,2008,36076,13593,49669,20.731648031113274
Norway,2009,37806,16621,54427,9.579415732146812
Norway,2010,40245,12443,52688,-3.195105370496261
Norway,2011,40671,11114,51785,-1.713862739143638
Norway,2012,42805,9317,52122,0.6507675967944385
Norway,2013,46088,6311,52399,0.5314454548942865
Norway,2014,47025,7148,54173,3.3855607931449074
Norway,2015,50377,25274,75651,39.64705665183763
Norway,2016,59512,7505,67017,-11.412935717968036
Norway,2017,59230,2952,62182,-7.214587343509855
Norway,2018,57004,2246,59250,-4.715190891254704
Norway,2019,53882,1507,55389,-6.516455696202532
Norway,2020,49653,1083,50736,-8.400584953691165
Norway,2021,46042,1268,47310,-6.752601702932829
Norway,2022,75311,3313,78624,66.18896639188333
Norway,2023,103606,4967,108573,38.091422466422465
Norway,2024,107057,4789,111846,3.0145616313448094
Poland,2007,10037,5937,15974,-85.71786206033296
Poland,2008,12761,4381,17142,7.311881807937899
Poland,2009,15299,2397,17696,3.2318282580795707
Poland,2010,15537,2111,17648,-0.27124773960216997
Poland,2011,15834,2873,18707,6.0006799637352675
Poland,2012,15897,2394,18291,-2.223766504517026
Poland,2013,16428,2157,18585,1.6073478760045925
Poland,2014,15730,2675,18405,-0.9685230024213075
Poland,2015,14057,3281,17338,-5.797337679978267
Poland,2016,11738,3412,15150,-12.619679317106932
Poland,2017,12225,2878,15103,-0.3102310231023102
Poland,2018,12495,3059,15554,2.986161689730517
Poland,2019,12658,4783,17441,12.131927478462131
Poland,2020,2771,3602,6373,-63.45966401009117
Poland,2021,4875,3823,8698,36.482033579162085
Poland,2022,971129,3020,974149,11099.689583812371
Poland,2023,971478,6989,978467,0.4432586801403071
Poland,2024,980034,9266,989300,1.1071400466239536
Portugal,2007,346,0,346,-99.96502577580108
Portugal,2008,393,0,393,13.583815028901732
Portugal,2009,383,10,393,0
Portugal,2010,368,61,429,9.16030534351145
Portugal,2011,399,212,611,42.42424242424242
Portugal,2012,473,192,665,8.8379705400982
Portugal,2013,596,198,794,19.398496240601503
Portugal,2014,704,327,1031,29.848866498740556
Portugal,2015,851,571,1422,37.92434529582929
Portugal,2016,1189,850,2039,43.38959212376934
Portugal,2017,1619,45,1664,-18.391368317802844
Portugal,2018,2130,85,2215,33.112980769230774
Portugal,2019,2375,1057,3432,54.94356659142212
Portugal,2020,2405,1154,3559,3.7004662004662006
Portugal,2021,2651,2162,4813,35.23461646529924
Portugal,2022,59777,968,60745,1162.1026386868896
Portugal,2023,62807,1267,64074,5.480286443328669
Portugal,2024,65194,2158,67352,5.115959671629678
Rep. of Moldova,2007,140,63,203,-99.69859840836205
Rep. of Moldova,2008,135,18,153,-24.63054187192118
Rep. of Moldova,2009,131,45,176,15.032679738562091
Rep. of Moldova,2010,132,74,206,17.045454545454543
Rep. of Moldova,2011,131,42,173,-16.019417475728158
Rep. of Moldova,2012,176,53,229,32.369942196531795
Rep. of Moldova,2013,237,62,299,30.567685589519648
Rep. of Moldova,2014,323,130,453,51.50501672240802
Rep. of Moldova,2015,434,94,528,16.55629139072848
Rep. of Moldova,2016,419,75,494,-6.4393939393939394
Rep. of Moldova,2017,391,61,452,-8.502024291497975
Rep. of Moldova,2018,409,93,502,11.061946902654867
Rep. of Moldova,2019,417,94,511,1.7928286852589643
Rep. of Moldova,2020,405,59,464,-9.197651663405088
Rep. of Moldova,2021,349,56,405,-12.71551724137931
Rep. of Moldova,2022,105374,3620,108994,26812.098765432096
Rep. of Moldova,2023,120947,556,121503,11.476778538268162
Rep. of Moldova,2024,121480,1839,123319,1.4946133017291754
Romania,2007,1741,158,1899,-98.46009130790875
Romania,2008,1586,287,1873,-1.369141653501843
Romania,2009,1065,391,1456,-22.26374799786439
Romania,2010,1019,372,1391,-4.464285714285714
Romania,2011,1003,751,1754,26.096333572969087
Romania,2012,1263,21,1284,-26.795895096921324
Romania,2013,1747,121,1868,45.482866043613704
Romania,2014,2171,325,2496,33.61884368308351
Romania,2015,2581,408,2989,19.751602564102562
Romania,2016,2880,72,2952,-1.2378721980595517
Romania,2017,3911,1514,5425,83.77371273712737
Romania,2018,4134,1476,5610,3.410138248847926
Romania,2019,3860,916,4776,-14.866310160427807
Romania,2020,3581,2242,5823,21.92211055276382
Romania,2021,4200,1504,5704,-2.04362012708226
Romania,2022,105621,1172,106793,1772.2475455820477
Romania,2023,87487,1068,88555,-17.077898364124987
Romania,2024,166849,629,167478,89.1231438089323
Russian Federation,2007,1636,3074,4710,-97.18769032350517
Russian Federation,2008,3470,1800,5270,11.8895966029724
Russian Federation,2009,4877,1679,6556,24.402277039848197
Russian Federation,2010,4924,1432,6356,-3.0506406345332517
Russian Federation,2011,3913,943,4856,-23.599748269351796
Russian Federation,2012,3164,816,3980,-18.039538714991764
Russian Federation,2013,3450,1242,4692,17.889447236180906
Russian Federation,2014,235732,3051,238783,4989.151747655584
Russian Federation,2015,314498,2047,316545,32.56596993923353
Russian Federation,2016,228981,3025,232006,-26.70678734461135
Russian Federation,2017,126021,2168,128189,-44.7475496323371
Russian Federation,2018,77382,1361,78743,-38.572732449742176
Russian Federation,2019,42413,1445,43858,-44.30235068514027
Russian Federation,2020,20260,813,21073,-51.95175338592731
Russian Federation,2021,10901,524,11425,-45.78370426612253
Russian Federation,2022,1277672,1066,1278738,11092.455142231947
Russian Federation,2023,1230131,891,1231022,-3.7314915174179544
Russian Federation,2024,1226732,784,1227516,-0.2848040083767796
Serbia and Kosovo: S/RES/1244 (1999),2007,97991,11,98002,-92.0162344116085
Serbia and Kosovo: S/RES/1244 (1999),2008,96735,34,96769,-1.2581375890287954
Serbia and Kosovo: S/RES/1244 (1999),2009,86348,25,86373,-10.74310988023024
Serbia and Kosovo: S/RES/1244 (1999),2010,73604,194,73798,-14.558947819341691
Serbia and Kosovo: S/RES/1244 (1999),2011,70702,392,71094,-3.6640559364752434
Serbia and Kosovo: S/RES/1244 (1999),2012,66367,315,66682,-6.205868287056573
Serbia and Kosovo: S/RES/1244 (1999),2013,57079,380,57459,-13.831318796676765
Serbia and Kosovo: S/RES/1244 (1999),2014,43749,439,44188,-23.096468786439026
Serbia and Kosovo: S/RES/1244 (1999),2015,35326,108,35434,-19.81080836426179
Serbia and Kosovo: S/RES/1244 (1999),2016,36517,122,36639,3.4006886041654907
Serbia and Kosovo: S/RES/1244 (1999),2017,32205,141,32346,-11.717022844509948
Serbia and Kosovo: S/RES/1244 (1999),2018,30944,219,31163,-3.657330118098065
Serbia and Kosovo: S/RES/1244 (1999),2019,26427,274,26701,-14.318262041523603
Serbia and Kosovo: S/RES/1244 (1999),2020,26085,302,26387,-1.175985918130407
Serbia and Kosovo: S/RES/1244 (1999),2021,25644,223,25867,-1.9706673740857241
Serbia and Kosovo: S/RES/1244 (1999),2022,26521,191,26712,3.266710480535045
Serbia and Kosovo: S/RES/1244 (1999),2023,29365,163,29528,10.54207846660677
Serbia and Kosovo: S/RES/1244 (1999),2024,32892,224,33116,12.151178542400434
Slovakia,2007,265,578,843,-97.45440270564077
Slovakia,2008,301,307,608,-27.876631079478052
Slovakia,2009,387,254,641,5.427631578947369
Slovakia,2010,451,267,718,12.012480499219969
Slovakia,2011,535,185,720,0.2785515320334262
Slovakia,2012,650,194,844,17.22222222222222
Slovakia,2013,691,200,891,5.568720379146919
Slovakia,2014,791,220,1011,13.468013468013467
Slovakia,2015,816,173,989,-2.1760633036597428
Slovakia,2016,980,38,1018,2.932254802831143
Slovakia,2017,912,26,938,-7.858546168958743
Slovakia,2018,938,17,955,1.812366737739872
Slovakia,2019,965,5,970,1.5706806282722512
Slovakia,2020,1006,44,1050,8.24742268041237
Slovakia,2021,1046,43,1089,3.7142857142857144
Slovakia,2022,96563,104,96667,8776.675849403122
Slovakia,2023,126866,92,126958,31.335409188244178
Slovakia,2024,124106,123,124229,-2.149529765749303
Slovenia,2007,255,44,299,-99.75931545774336
Slovenia,2008,257,74,331,10.702341137123746
Slovenia,2009,281,78,359,8.459214501510575
Slovenia,2010,315,112,427,18.94150417827298
Slovenia,2011,134,93,227,-46.8384074941452
Slovenia,2012,169,93,262,15.418502202643172
Slovenia,2013,202,5,207,-20.99236641221374
Slovenia,2014,251,61,312,50.72463768115942
Slovenia,2015,284,92,376,20.51282051282051
Slovenia,2016,454,309,763,102.92553191489363
Slovenia,2017,611,264,875,14.678899082568808
Slovenia,2018,746,245,991,13.257142857142856
Slovenia,2019,741,308,1049,5.852674066599395
Slovenia,2020,823,277,1100,4.861773117254528
Slovenia,2021,839,572,1411,28.272727272727273
Slovenia,2022,8705,495,9200,552.0198440822112
Slovenia,2023,10525,1143,11668,26.82608695652174
Slovenia,2024,11439,573,12012,2.9482344874871442
Spain,2007,5143,0,5143,-57.184482184482185
Spain,2008,4649,0,4649,-9.60528874197939
Spain,2009,3960,3280,7240,55.73241557324155
Spain,2010,3814,2688,6502,-10.193370165745856
Spain,2011,4220,2670,6890,5.967394647800677
Spain,2012,4502,2790,7292,5.834542815674891
Spain,2013,4641,4329,8970,23.011519473395502
Spain,2014,5797,7508,13305,48.32775919732442
Spain,2015,6447,11023,17470,31.30402104472003
Spain,2016,12983,20360,33343,90.85861476817402
Spain,2017,17541,34866,52407,57.17541912845275
Spain,2018,20437,78685,99122,89.13885549640315
Spain,2019,57751,133030,190781,92.47089445329998
Spain,2020,103624,103385,207009,8.50608813246602
Spain,2021,122539,103850,226389,9.361911800936191
Spain,2022,314490,134580,449070,98.36211123331964
Spain,2023,385701,204270,589971,31.376177433362283
Spain,2024,423004,254050,677054,14.760556027330157
Sweden,2007,75055,27686,102741,-84.8252872001347
Sweden,2008,77016,24075,101091,-1.6059800858469353
Sweden,2009,81346,18932,100278,-0.8042258954803098
Sweden,2010,82620,18606,101226,0.9453718662119309
Sweden,2011,86603,18106,104709,3.4408156007349895
Sweden,2012,92869,22830,115699,10.495754901679893
Sweden,2013,114172,27705,141877,22.62595182326554
Sweden,2014,142197,56748,198945,40.22357394080788
Sweden,2015,169516,157017,326533,64.13229787127095
Sweden,2016,230158,83040,313198,-4.083813887110951
Sweden,2017,240954,51588,292542,-6.595188985881135
Sweden,2018,248210,37892,286102,-2.20139330420931
Sweden,2019,253787,28006,281793,-1.5061062138677814
Sweden,2020,248372,18603,266975,-5.258469869727069
Sweden,2021,240854,13954,254808,-4.557355557636482
Sweden,2022,277726,14469,292195,14.672616244387932
Sweden,2023,237632,11271,248903,-14.816133061825152
Sweden,2024,223204,9448,232652,-6.52904946907028
Switzerland,2007,45642,10729,56371,-75.77024912745216
Switzerland,2008,46131,17155,63286,12.266945769988116
Switzerland,2009,46204,17127,63331,0.07110577378883165
Switzerland,2010,48813,12884,61697,-2.580095056133647
Switzerland,2011,50401,16893,67294,9.071753894030504
Switzerland,2012,50733,21670,72403,7.592058727375398
Switzerland,2013,52448,22087,74535,2.9446293661864837
Switzerland,2014,62596,20805,83401,11.895082846984637
Switzerland,2015,73326,32691,106017,27.11718084915049
Switzerland,2016,82668,30778,113446,7.007366743069508
Switzerland,2017,93030,23728,116758,2.9194506637519173
Switzerland,2018,104011,14776,118787,1.7377824217612496
Switzerland,2019,110162,11200,121362,2.1677456287304167
Switzerland,2020,115798,6547,122345,0.8099734678070566
Switzerland,2021,118829,7109,125938,2.936777146593649
Switzerland,2022,182474,14904,197378,56.7263256523051
Switzerland,2023,192507,18884,211391,7.09957543393894
Switzerland,2024,194024,16786,210810,-0.2748461381988826
United Kingdom of Great Britain and Northern Ireland,2007,299701,10800,310501,10756.678321678322
United Kingdom of Great Britain and Northern Ireland,2008,292081,13600,305681,-1.5523299441869751
United Kingdom of Great Britain and Northern Ireland,2009,269355,12406,281761,-7.825151056166396
United Kingdom of Great Britain and Northern Ireland,2010,238133,14880,253013,-10.202973442030657
United Kingdom of Great Britain and Northern Ireland,2011,193494,16861,210355,-16.860003240940188
United Kingdom of Great Britain and Northern Ireland,2012,149790,18896,168686,-19.80889448788952
United Kingdom of Great Britain and Northern Ireland,2013,126036,25100,151136,-10.40394579277474
United Kingdom of Great Britain and Northern Ireland,2014,117226,36354,153580,1.617086597501588
United Kingdom of Great Britain and Northern Ireland,2015,123051,45853,168904,9.977861700742285
United Kingdom of Great Britain and Northern Ireland,2016,118973,43496,162469,-3.80985648652489
United Kingdom of Great Britain and Northern Ireland,2017,121821,40354,162175,-0.1809575980648616
United Kingdom of Great Britain and Northern Ireland,2018,126708,45234,171942,6.022506551564668
United Kingdom of Great Britain and Northern Ireland,2019,133083,61947,195030,13.427783787556269
United Kingdom of Great Britain and Northern Ireland,2020,132304,77245,209549,7.444495718607394
United Kingdom of Great Britain and Northern Ireland,2021,137078,104897,241975,15.47418503548096
United Kingdom of Great Britain and Northern Ireland,2022,328989,167289,496278,105.09474119227194
United Kingdom of Great Britain and Northern Ireland,2023,448620,138156,586776,18.235343899991538
United Kingdom of Great Britain and Northern Ireland,2024,482780,128285,611065,4.139399021091523
